apygOld,apygNew,candidate,candidateUrl,votes
Naujamiesčio,Senamiesčio,Irena DEGUTIENĖ,http://www.vrk.lt/statiniai/puslapiai/rinkimai/416_lt/Kandidatai/Kandidatas67288/Kandidato67288Anketa.html,493
Naujamiesčio,Senamiesčio,Neringa VENCKIENĖ,http://www.vrk.lt/statiniai/puslapiai/rinkimai/416_lt/Kandidatai/Kandidatas66658/Kandidato66658Anketa.html,187
Naujamiesčio,Senamiesčio,Faustas LATĖNAS,http://www.vrk.lt/statiniai/puslapiai/rinkimai/416_lt/Kandidatai/Kandidatas66885/Kandidato66885Anketa.html,94
Naujamiesčio,Senamiesčio,Jolanta GAUDUTIENĖ,http://www.vrk.lt/statiniai/puslapiai/rinkimai/416_lt/Kandidatai/Kandidatas67900/Kandidato67900Anketa.html,113
Naujamiesčio,Senamiesčio,Arminas LYDEKA,http://www.vrk.lt/statiniai/puslapiai/rinkimai/416_lt/Kandidatai/Kandidatas67091/Kandidato67091Anketa.html,56
Naujamiesčio,Senamiesčio,Irina ROZOVA,http://www.vrk.lt/statiniai/puslapiai/rinkimai/416_lt/Kandidatai/Kandidatas68430/Kandidato68430Anketa.html,129
Naujamiesčio,Senamiesčio,Vytautas BOGUŠIS,http://www.vrk.lt/statiniai/puslapiai/rinkimai/416_lt/Kandidatai/Kandidatas69728/Kandidato69728Anketa.html,45
Naujamiesčio,Senamiesčio,Liucija BORUSEVIČIENĖ,http://www.vrk.lt/statiniai/puslapiai/rinkimai/416_lt/Kandidatai/Kandidatas66512/Kandidato66512Anketa.html,37
Naujamiesčio,Senamiesčio,Miroslavas MONKEVIČIUS,http://www.vrk.lt/statiniai/puslapiai/rinkimai/416_lt/Kandidatai/Kandidatas68127/Kandidato68127Anketa.html,35
Naujamiesčio,Senamiesčio,Vitalijus BALKUS,http://www.vrk.lt/statiniai/puslapiai/rinkimai/416_lt/Kandidatai/Kandidatas68752/Kandidato68752Anketa.html,29
Naujamiesčio,Senamiesčio,Juozas MURAUSKAS,http://www.vrk.lt/statiniai/puslapiai/rinkimai/416_lt/Kandidatai/Kandidatas67479/Kandidato67479Anketa.html,8
Naujamiesčio,Senamiesčio,Dainius Petras PAUKŠTĖ,http://www.vrk.lt/statiniai/puslapiai/rinkimai/416_lt/Kandidatai/Kandidatas68360/Kandidato68360Anketa.html,21
Naujamiesčio,Senamiesčio,Robertas KASPEROVIČIUS,http://www.vrk.lt/statiniai/puslapiai/rinkimai/416_lt/Kandidatai/Kandidatas67765/Kandidato67765Anketa.html,3
Naujamiesčio,Senamiesčio,Janas JUREVIČIUS,http://www.vrk.lt/statiniai/puslapiai/rinkimai/416_lt/Kandidatai/Kandidatas67681/Kandidato67681Anketa.html,1
Naujamiesčio,Senamiesčio,Gediminas PELĖDŽIUS,http://www.vrk.lt/statiniai/puslapiai/rinkimai/416_lt/Kandidatai/Kandidatas70028/Kandidato70028Anketa.html,1
Žirmūnų,Senamiesčio,Vytenis Povilas ANDRIUKAITIS,http://www.vrk.lt/statiniai/puslapiai/rinkimai/416_lt/Kandidatai/Kandidatas66818/Kandidato66818Anketa.html,610
Žirmūnų,Senamiesčio,Vilija ALEKNAITĖ ABRAMIKIENĖ,http://www.vrk.lt/statiniai/puslapiai/rinkimai/416_lt/Kandidatai/Kandidatas67300/Kandidato67300Anketa.html,514
Žirmūnų,Senamiesčio,Šarūnas GUSTAINIS,http://www.vrk.lt/statiniai/puslapiai/rinkimai/416_lt/Kandidatai/Kandidatas67089/Kandidato67089Anketa.html,306
Žirmūnų,Senamiesčio,Renata CYTACKA,http://www.vrk.lt/statiniai/puslapiai/rinkimai/416_lt/Kandidatai/Kandidatas68473/Kandidato68473Anketa.html,202
Žirmūnų,Senamiesčio,Gediminas DALINKEVIČIUS,http://www.vrk.lt/statiniai/puslapiai/rinkimai/416_lt/Kandidatai/Kandidatas67898/Kandidato67898Anketa.html,183
Žirmūnų,Senamiesčio,Algis ČAPLIKAS,http://www.vrk.lt/statiniai/puslapiai/rinkimai/416_lt/Kandidatai/Kandidatas69724/Kandidato69724Anketa.html,167
Žirmūnų,Senamiesčio,Jonas JUODKA,http://www.vrk.lt/statiniai/puslapiai/rinkimai/416_lt/Kandidatai/Kandidatas68145/Kandidato68145Anketa.html,135
Žirmūnų,Senamiesčio,Julius GIRDVAINIS,http://www.vrk.lt/statiniai/puslapiai/rinkimai/416_lt/Kandidatai/Kandidatas70047/Kandidato70047Anketa.html,165
Žirmūnų,Senamiesčio,Ramojus GIRINSKAS,http://www.vrk.lt/statiniai/puslapiai/rinkimai/416_lt/Kandidatai/Kandidatas66523/Kandidato66523Anketa.html,70
Žirmūnų,Senamiesčio,Liudvikas JAKIMAVIČIUS,http://www.vrk.lt/statiniai/puslapiai/rinkimai/416_lt/Kandidatai/Kandidatas69848/Kandidato69848Anketa.html,64
Žirmūnų,Senamiesčio,Arminas MOCKEVIČIUS,http://www.vrk.lt/statiniai/puslapiai/rinkimai/416_lt/Kandidatai/Kandidatas68760/Kandidato68760Anketa.html,58
Žirmūnų,Senamiesčio,Julius PANKA,http://www.vrk.lt/statiniai/puslapiai/rinkimai/416_lt/Kandidatai/Kandidatas68298/Kandidato68298Anketa.html,29
Žirmūnų,Senamiesčio,Aušra ABRAMAVIČIENĖ,http://www.vrk.lt/statiniai/puslapiai/rinkimai/416_lt/Kandidatai/Kandidatas67675/Kandidato67675Anketa.html,18
Žirmūnų,Senamiesčio,Raimondas BENUŠIS,http://www.vrk.lt/statiniai/puslapiai/rinkimai/416_lt/Kandidatai/Kandidatas68872/Kandidato68872Anketa.html,10
Žirmūnų,Senamiesčio,Remigijus SABALIAUSKAS,http://www.vrk.lt/statiniai/puslapiai/rinkimai/416_lt/Kandidatai/Kandidatas67771/Kandidato67771Anketa.html,20
Žirmūnų,Senamiesčio,Rimantas JUREVIČIUS,http://www.vrk.lt/statiniai/puslapiai/rinkimai/416_lt/Kandidatai/Kandidatas69930/Kandidato69930Anketa.html,4
Naujosios Vilnios,Senamiesčio,Tadeuš ANDŽEJEVSKI,http://www.vrk.lt/statiniai/puslapiai/rinkimai/416_lt/Kandidatai/Kandidatas68487/Kandidato68487Anketa.html,162
Naujosios Vilnios,Senamiesčio,Sergej URSUL,http://www.vrk.lt/statiniai/puslapiai/rinkimai/416_lt/Kandidatai/Kandidatas67931/Kandidato67931Anketa.html,198
Naujosios Vilnios,Senamiesčio,Algirdas PALECKIS,http://www.vrk.lt/statiniai/puslapiai/rinkimai/416_lt/Kandidatai/Kandidatas69094/Kandidato69094Anketa.html,183
Naujosios Vilnios,Senamiesčio,Artūras MELIANAS,http://www.vrk.lt/statiniai/puslapiai/rinkimai/416_lt/Kandidatai/Kandidatas69727/Kandidato69727Anketa.html,210
Naujosios Vilnios,Senamiesčio,Emanuelis ZINGERIS,http://www.vrk.lt/statiniai/puslapiai/rinkimai/416_lt/Kandidatai/Kandidatas67307/Kandidato67307Anketa.html,140
Naujosios Vilnios,Senamiesčio,Tatjana RINKEVIČIENĖ,http://www.vrk.lt/statiniai/puslapiai/rinkimai/416_lt/Kandidatai/Kandidatas66857/Kandidato66857Anketa.html,104
Naujosios Vilnios,Senamiesčio,Šarūnas SKUČAS,http://www.vrk.lt/statiniai/puslapiai/rinkimai/416_lt/Kandidatai/Kandidatas67171/Kandidato67171Anketa.html,62
Naujosios Vilnios,Senamiesčio,Bronius CICĖNAS,http://www.vrk.lt/statiniai/puslapiai/rinkimai/416_lt/Kandidatai/Kandidatas66391/Kandidato66391Anketa.html,73
Naujosios Vilnios,Senamiesčio,Rolandas BORAVSKIS,http://www.vrk.lt/statiniai/puslapiai/rinkimai/416_lt/Kandidatai/Kandidatas66674/Kandidato66674Anketa.html,72
Naujosios Vilnios,Senamiesčio,Aleksandras BOJAROVAS,http://www.vrk.lt/statiniai/puslapiai/rinkimai/416_lt/Kandidatai/Kandidatas68173/Kandidato68173Anketa.html,24
Naujosios Vilnios,Senamiesčio,Juzef TOMAŠEVIČ-JAKOVIČ,http://www.vrk.lt/statiniai/puslapiai/rinkimai/416_lt/Kandidatai/Kandidatas68681/Kandidato68681Anketa.html,19
Naujosios Vilnios,Senamiesčio,Tomas BIKELIS,http://www.vrk.lt/statiniai/puslapiai/rinkimai/416_lt/Kandidatai/Kandidatas68038/Kandidato68038Anketa.html,11
Naujosios Vilnios,Senamiesčio,Robertas PRANCKŪNAS,http://www.vrk.lt/statiniai/puslapiai/rinkimai/416_lt/Kandidatai/Kandidatas67757/Kandidato67757Anketa.html,7
Naujosios Vilnios,Senamiesčio,Ilona POPLAVSKAJA,http://www.vrk.lt/statiniai/puslapiai/rinkimai/416_lt/Kandidatai/Kandidatas67670/Kandidato67670Anketa.html,7
Naujosios Vilnios,Senamiesčio,Viačeslav JANKELEVIČ,http://www.vrk.lt/statiniai/puslapiai/rinkimai/416_lt/Kandidatai/Kandidatas69971/Kandidato69971Anketa.html,10
Naujamiesčio,Lazdynų,Irena DEGUTIENĖ,http://www.vrk.lt/statiniai/puslapiai/rinkimai/416_lt/Kandidatai/Kandidatas67288/Kandidato67288Anketa.html,551
Naujamiesčio,Lazdynų,Neringa VENCKIENĖ,http://www.vrk.lt/statiniai/puslapiai/rinkimai/416_lt/Kandidatai/Kandidatas66658/Kandidato66658Anketa.html,232
Naujamiesčio,Lazdynų,Faustas LATĖNAS,http://www.vrk.lt/statiniai/puslapiai/rinkimai/416_lt/Kandidatai/Kandidatas66885/Kandidato66885Anketa.html,123
Naujamiesčio,Lazdynų,Jolanta GAUDUTIENĖ,http://www.vrk.lt/statiniai/puslapiai/rinkimai/416_lt/Kandidatai/Kandidatas67900/Kandidato67900Anketa.html,190
Naujamiesčio,Lazdynų,Arminas LYDEKA,http://www.vrk.lt/statiniai/puslapiai/rinkimai/416_lt/Kandidatai/Kandidatas67091/Kandidato67091Anketa.html,74
Naujamiesčio,Lazdynų,Irina ROZOVA,http://www.vrk.lt/statiniai/puslapiai/rinkimai/416_lt/Kandidatai/Kandidatas68430/Kandidato68430Anketa.html,184
Naujamiesčio,Lazdynų,Vytautas BOGUŠIS,http://www.vrk.lt/statiniai/puslapiai/rinkimai/416_lt/Kandidatai/Kandidatas69728/Kandidato69728Anketa.html,61
Naujamiesčio,Lazdynų,Liucija BORUSEVIČIENĖ,http://www.vrk.lt/statiniai/puslapiai/rinkimai/416_lt/Kandidatai/Kandidatas66512/Kandidato66512Anketa.html,46
Naujamiesčio,Lazdynų,Miroslavas MONKEVIČIUS,http://www.vrk.lt/statiniai/puslapiai/rinkimai/416_lt/Kandidatai/Kandidatas68127/Kandidato68127Anketa.html,50
Naujamiesčio,Lazdynų,Vitalijus BALKUS,http://www.vrk.lt/statiniai/puslapiai/rinkimai/416_lt/Kandidatai/Kandidatas68752/Kandidato68752Anketa.html,46
Naujamiesčio,Lazdynų,Juozas MURAUSKAS,http://www.vrk.lt/statiniai/puslapiai/rinkimai/416_lt/Kandidatai/Kandidatas67479/Kandidato67479Anketa.html,5
Naujamiesčio,Lazdynų,Dainius Petras PAUKŠTĖ,http://www.vrk.lt/statiniai/puslapiai/rinkimai/416_lt/Kandidatai/Kandidatas68360/Kandidato68360Anketa.html,11
Naujamiesčio,Lazdynų,Robertas KASPEROVIČIUS,http://www.vrk.lt/statiniai/puslapiai/rinkimai/416_lt/Kandidatai/Kandidatas67765/Kandidato67765Anketa.html,3
Naujamiesčio,Lazdynų,Janas JUREVIČIUS,http://www.vrk.lt/statiniai/puslapiai/rinkimai/416_lt/Kandidatai/Kandidatas67681/Kandidato67681Anketa.html,5
Naujamiesčio,Lazdynų,Gediminas PELĖDŽIUS,http://www.vrk.lt/statiniai/puslapiai/rinkimai/416_lt/Kandidatai/Kandidatas70028/Kandidato70028Anketa.html,4
Karoliniškių,Lazdynų,Danutė BEKINTIENĖ,http://www.vrk.lt/statiniai/puslapiai/rinkimai/416_lt/Kandidatai/Kandidatas67333/Kandidato67333Anketa.html,803
Karoliniškių,Lazdynų,Linas BALSYS,http://www.vrk.lt/statiniai/puslapiai/rinkimai/416_lt/Kandidatai/Kandidatas67514/Kandidato67514Anketa.html,530
Karoliniškių,Lazdynų,Vanda KRAVČIONOK,http://www.vrk.lt/statiniai/puslapiai/rinkimai/416_lt/Kandidatai/Kandidatas68433/Kandidato68433Anketa.html,478
Karoliniškių,Lazdynų,Valdas SKARBALIUS,http://www.vrk.lt/statiniai/puslapiai/rinkimai/416_lt/Kandidatai/Kandidatas67897/Kandidato67897Anketa.html,385
Karoliniškių,Lazdynų,Jurgis JURKEVIČIUS,http://www.vrk.lt/statiniai/puslapiai/rinkimai/416_lt/Kandidatai/Kandidatas66920/Kandidato66920Anketa.html,319
Karoliniškių,Lazdynų,Stasys BRUNDZA,http://www.vrk.lt/statiniai/puslapiai/rinkimai/416_lt/Kandidatai/Kandidatas66664/Kandidato66664Anketa.html,261
Karoliniškių,Lazdynų,Alvydas MEDALINSKAS,http://www.vrk.lt/statiniai/puslapiai/rinkimai/416_lt/Kandidatai/Kandidatas68029/Kandidato68029Anketa.html,212
Karoliniškių,Lazdynų,Ilona GRIGARAVIČIENĖ,http://www.vrk.lt/statiniai/puslapiai/rinkimai/416_lt/Kandidatai/Kandidatas67111/Kandidato67111Anketa.html,191
Karoliniškių,Lazdynų,Almantas PETKUS,http://www.vrk.lt/statiniai/puslapiai/rinkimai/416_lt/Kandidatai/Kandidatas66469/Kandidato66469Anketa.html,136
Karoliniškių,Lazdynų,Laimas DIENINIS,http://www.vrk.lt/statiniai/puslapiai/rinkimai/416_lt/Kandidatai/Kandidatas68142/Kandidato68142Anketa.html,116
Karoliniškių,Lazdynų,Vytautas BERNATONIS,http://www.vrk.lt/statiniai/puslapiai/rinkimai/416_lt/Kandidatai/Kandidatas69096/Kandidato69096Anketa.html,106
Karoliniškių,Lazdynų,Virginija APANAVIČIENĖ,http://www.vrk.lt/statiniai/puslapiai/rinkimai/416_lt/Kandidatai/Kandidatas68712/Kandidato68712Anketa.html,70
Karoliniškių,Lazdynų,Mantas PANAVAS,http://www.vrk.lt/statiniai/puslapiai/rinkimai/416_lt/Kandidatai/Kandidatas69762/Kandidato69762Anketa.html,52
Karoliniškių,Lazdynų,Juozas VASILIAUSKAS,http://www.vrk.lt/statiniai/puslapiai/rinkimai/416_lt/Kandidatai/Kandidatas68866/Kandidato68866Anketa.html,27
Karoliniškių,Lazdynų,Albina KAVALIAUSKAITĖ,http://www.vrk.lt/statiniai/puslapiai/rinkimai/416_lt/Kandidatai/Kandidatas67647/Kandidato67647Anketa.html,19
Karoliniškių,Lazdynų,Angelina LABANAUSKIENĖ,http://www.vrk.lt/statiniai/puslapiai/rinkimai/416_lt/Kandidatai/Kandidatas67767/Kandidato67767Anketa.html,6
Karoliniškių,Lazdynų,Audrius JASIONIS,http://www.vrk.lt/statiniai/puslapiai/rinkimai/416_lt/Kandidatai/Kandidatas70007/Kandidato70007Anketa.html,14
Naujamiesčio,Naujosios Vilnios,Irena DEGUTIENĖ,http://www.vrk.lt/statiniai/puslapiai/rinkimai/416_lt/Kandidatai/Kandidatas67288/Kandidato67288Anketa.html,539
Naujamiesčio,Naujosios Vilnios,Neringa VENCKIENĖ,http://www.vrk.lt/statiniai/puslapiai/rinkimai/416_lt/Kandidatai/Kandidatas66658/Kandidato66658Anketa.html,318
Naujamiesčio,Naujosios Vilnios,Faustas LATĖNAS,http://www.vrk.lt/statiniai/puslapiai/rinkimai/416_lt/Kandidatai/Kandidatas66885/Kandidato66885Anketa.html,237
Naujamiesčio,Naujosios Vilnios,Jolanta GAUDUTIENĖ,http://www.vrk.lt/statiniai/puslapiai/rinkimai/416_lt/Kandidatai/Kandidatas67900/Kandidato67900Anketa.html,514
Naujamiesčio,Naujosios Vilnios,Arminas LYDEKA,http://www.vrk.lt/statiniai/puslapiai/rinkimai/416_lt/Kandidatai/Kandidatas67091/Kandidato67091Anketa.html,88
Naujamiesčio,Naujosios Vilnios,Irina ROZOVA,http://www.vrk.lt/statiniai/puslapiai/rinkimai/416_lt/Kandidatai/Kandidatas68430/Kandidato68430Anketa.html,531
Naujamiesčio,Naujosios Vilnios,Vytautas BOGUŠIS,http://www.vrk.lt/statiniai/puslapiai/rinkimai/416_lt/Kandidatai/Kandidatas69728/Kandidato69728Anketa.html,88
Naujamiesčio,Naujosios Vilnios,Liucija BORUSEVIČIENĖ,http://www.vrk.lt/statiniai/puslapiai/rinkimai/416_lt/Kandidatai/Kandidatas66512/Kandidato66512Anketa.html,133
Naujamiesčio,Naujosios Vilnios,Miroslavas MONKEVIČIUS,http://www.vrk.lt/statiniai/puslapiai/rinkimai/416_lt/Kandidatai/Kandidatas68127/Kandidato68127Anketa.html,70
Naujamiesčio,Naujosios Vilnios,Vitalijus BALKUS,http://www.vrk.lt/statiniai/puslapiai/rinkimai/416_lt/Kandidatai/Kandidatas68752/Kandidato68752Anketa.html,43
Naujamiesčio,Naujosios Vilnios,Juozas MURAUSKAS,http://www.vrk.lt/statiniai/puslapiai/rinkimai/416_lt/Kandidatai/Kandidatas67479/Kandidato67479Anketa.html,12
Naujamiesčio,Naujosios Vilnios,Dainius Petras PAUKŠTĖ,http://www.vrk.lt/statiniai/puslapiai/rinkimai/416_lt/Kandidatai/Kandidatas68360/Kandidato68360Anketa.html,30
Naujamiesčio,Naujosios Vilnios,Robertas KASPEROVIČIUS,http://www.vrk.lt/statiniai/puslapiai/rinkimai/416_lt/Kandidatai/Kandidatas67765/Kandidato67765Anketa.html,23
Naujamiesčio,Naujosios Vilnios,Janas JUREVIČIUS,http://www.vrk.lt/statiniai/puslapiai/rinkimai/416_lt/Kandidatai/Kandidatas67681/Kandidato67681Anketa.html,6
Naujamiesčio,Naujosios Vilnios,Gediminas PELĖDŽIUS,http://www.vrk.lt/statiniai/puslapiai/rinkimai/416_lt/Kandidatai/Kandidatas70028/Kandidato70028Anketa.html,15
Senamiesčio,Žirmūnų,Arvydas ANUŠAUSKAS,http://www.vrk.lt/statiniai/puslapiai/rinkimai/416_lt/Kandidatai/Kandidatas67292/Kandidato67292Anketa.html,512
Senamiesčio,Žirmūnų,Petras AUŠTREVIČIUS,http://www.vrk.lt/statiniai/puslapiai/rinkimai/416_lt/Kandidatai/Kandidatas67072/Kandidato67072Anketa.html,354
Senamiesčio,Žirmūnų,Agnė ZUOKIENĖ,http://www.vrk.lt/statiniai/puslapiai/rinkimai/416_lt/Kandidatai/Kandidatas68128/Kandidato68128Anketa.html,269
Senamiesčio,Žirmūnų,Marija Aušrinė PAVILIONIENĖ,http://www.vrk.lt/statiniai/puslapiai/rinkimai/416_lt/Kandidatai/Kandidatas66825/Kandidato66825Anketa.html,229
Senamiesčio,Žirmūnų,Juzef KVETKOVSKIJ,http://www.vrk.lt/statiniai/puslapiai/rinkimai/416_lt/Kandidatai/Kandidatas68435/Kandidato68435Anketa.html,123
Senamiesčio,Žirmūnų,Nijolė JAGELAVIČIENĖ,http://www.vrk.lt/statiniai/puslapiai/rinkimai/416_lt/Kandidatai/Kandidatas67919/Kandidato67919Anketa.html,151
Senamiesčio,Žirmūnų,Gintaras SONGAILA,http://www.vrk.lt/statiniai/puslapiai/rinkimai/416_lt/Kandidatai/Kandidatas68293/Kandidato68293Anketa.html,120
Senamiesčio,Žirmūnų,Raimonda KAROSAITĖ,http://www.vrk.lt/statiniai/puslapiai/rinkimai/416_lt/Kandidatai/Kandidatas66518/Kandidato66518Anketa.html,62
Senamiesčio,Žirmūnų,Justinas NAVIKAS,http://www.vrk.lt/statiniai/puslapiai/rinkimai/416_lt/Kandidatai/Kandidatas68749/Kandidato68749Anketa.html,29
Senamiesčio,Žirmūnų,Nora RIBOKIENĖ,http://www.vrk.lt/statiniai/puslapiai/rinkimai/416_lt/Kandidatai/Kandidatas69754/Kandidato69754Anketa.html,34
Senamiesčio,Žirmūnų,Marija TAMKEVIČIŪTĖ,http://www.vrk.lt/statiniai/puslapiai/rinkimai/416_lt/Kandidatai/Kandidatas66957/Kandidato66957Anketa.html,27
Senamiesčio,Žirmūnų,Eglė VOLUNGEVIČIŪTĖ,http://www.vrk.lt/statiniai/puslapiai/rinkimai/416_lt/Kandidatai/Kandidatas68882/Kandidato68882Anketa.html,15
Senamiesčio,Žirmūnų,Gražina BOGDANSKIENĖ,http://www.vrk.lt/statiniai/puslapiai/rinkimai/416_lt/Kandidatai/Kandidatas67640/Kandidato67640Anketa.html,6
Senamiesčio,Žirmūnų,Gintaras GURČINAS,http://www.vrk.lt/statiniai/puslapiai/rinkimai/416_lt/Kandidatai/Kandidatas70027/Kandidato70027Anketa.html,7
Senamiesčio,Fabijoniškių,Arvydas ANUŠAUSKAS,http://www.vrk.lt/statiniai/puslapiai/rinkimai/416_lt/Kandidatai/Kandidatas67292/Kandidato67292Anketa.html,424
Senamiesčio,Fabijoniškių,Petras AUŠTREVIČIUS,http://www.vrk.lt/statiniai/puslapiai/rinkimai/416_lt/Kandidatai/Kandidatas67072/Kandidato67072Anketa.html,345
Senamiesčio,Fabijoniškių,Agnė ZUOKIENĖ,http://www.vrk.lt/statiniai/puslapiai/rinkimai/416_lt/Kandidatai/Kandidatas68128/Kandidato68128Anketa.html,278
Senamiesčio,Fabijoniškių,Marija Aušrinė PAVILIONIENĖ,http://www.vrk.lt/statiniai/puslapiai/rinkimai/416_lt/Kandidatai/Kandidatas66825/Kandidato66825Anketa.html,224
Senamiesčio,Fabijoniškių,Juzef KVETKOVSKIJ,http://www.vrk.lt/statiniai/puslapiai/rinkimai/416_lt/Kandidatai/Kandidatas68435/Kandidato68435Anketa.html,231
Senamiesčio,Fabijoniškių,Nijolė JAGELAVIČIENĖ,http://www.vrk.lt/statiniai/puslapiai/rinkimai/416_lt/Kandidatai/Kandidatas67919/Kandidato67919Anketa.html,198
Senamiesčio,Fabijoniškių,Gintaras SONGAILA,http://www.vrk.lt/statiniai/puslapiai/rinkimai/416_lt/Kandidatai/Kandidatas68293/Kandidato68293Anketa.html,65
Senamiesčio,Fabijoniškių,Raimonda KAROSAITĖ,http://www.vrk.lt/statiniai/puslapiai/rinkimai/416_lt/Kandidatai/Kandidatas66518/Kandidato66518Anketa.html,79
Senamiesčio,Fabijoniškių,Justinas NAVIKAS,http://www.vrk.lt/statiniai/puslapiai/rinkimai/416_lt/Kandidatai/Kandidatas68749/Kandidato68749Anketa.html,33
Senamiesčio,Fabijoniškių,Nora RIBOKIENĖ,http://www.vrk.lt/statiniai/puslapiai/rinkimai/416_lt/Kandidatai/Kandidatas69754/Kandidato69754Anketa.html,20
Senamiesčio,Fabijoniškių,Marija TAMKEVIČIŪTĖ,http://www.vrk.lt/statiniai/puslapiai/rinkimai/416_lt/Kandidatai/Kandidatas66957/Kandidato66957Anketa.html,25
Senamiesčio,Fabijoniškių,Eglė VOLUNGEVIČIŪTĖ,http://www.vrk.lt/statiniai/puslapiai/rinkimai/416_lt/Kandidatai/Kandidatas68882/Kandidato68882Anketa.html,16
Senamiesčio,Fabijoniškių,Gražina BOGDANSKIENĖ,http://www.vrk.lt/statiniai/puslapiai/rinkimai/416_lt/Kandidatai/Kandidatas67640/Kandidato67640Anketa.html,6
Senamiesčio,Fabijoniškių,Gintaras GURČINAS,http://www.vrk.lt/statiniai/puslapiai/rinkimai/416_lt/Kandidatai/Kandidatas70027/Kandidato70027Anketa.html,9
Justiniškių,Fabijoniškių,Paulius SAUDARGAS,http://www.vrk.lt/statiniai/puslapiai/rinkimai/416_lt/Kandidatai/Kandidatas67295/Kandidato67295Anketa.html,425
Justiniškių,Fabijoniškių,Sofija MATAREVIČ,http://www.vrk.lt/statiniai/puslapiai/rinkimai/416_lt/Kandidatai/Kandidatas68486/Kandidato68486Anketa.html,141
Justiniškių,Fabijoniškių,Gediminas KIRKILAS,http://www.vrk.lt/statiniai/puslapiai/rinkimai/416_lt/Kandidatai/Kandidatas66826/Kandidato66826Anketa.html,199
Justiniškių,Fabijoniškių,Edmundas VAITEKŪNAS,http://www.vrk.lt/statiniai/puslapiai/rinkimai/416_lt/Kandidatai/Kandidatas67974/Kandidato67974Anketa.html,131
Justiniškių,Fabijoniškių,Vytautas Antanas MATULEVIČIUS,http://www.vrk.lt/statiniai/puslapiai/rinkimai/416_lt/Kandidatai/Kandidatas66666/Kandidato66666Anketa.html,170
Justiniškių,Fabijoniškių,Linas KVEDARAVIČIUS,http://www.vrk.lt/statiniai/puslapiai/rinkimai/416_lt/Kandidatai/Kandidatas67087/Kandidato67087Anketa.html,266
Justiniškių,Fabijoniškių,Rūta VANAGAITĖ,http://www.vrk.lt/statiniai/puslapiai/rinkimai/416_lt/Kandidatai/Kandidatas68131/Kandidato68131Anketa.html,139
Justiniškių,Fabijoniškių,Rimantas REMEIKA,http://www.vrk.lt/statiniai/puslapiai/rinkimai/416_lt/Kandidatai/Kandidatas69743/Kandidato69743Anketa.html,63
Justiniškių,Fabijoniškių,Algimantas JUOCEVIČIUS,http://www.vrk.lt/statiniai/puslapiai/rinkimai/416_lt/Kandidatai/Kandidatas66503/Kandidato66503Anketa.html,43
Justiniškių,Fabijoniškių,Gediminas NAVAITIS,http://www.vrk.lt/statiniai/puslapiai/rinkimai/416_lt/Kandidatai/Kandidatas68296/Kandidato68296Anketa.html,54
Justiniškių,Fabijoniškių,Virginija VINGRIENĖ,http://www.vrk.lt/statiniai/puslapiai/rinkimai/416_lt/Kandidatai/Kandidatas68649/Kandidato68649Anketa.html,38
Justiniškių,Fabijoniškių,Rūta JANKAUSKIENĖ,http://www.vrk.lt/statiniai/puslapiai/rinkimai/416_lt/Kandidatai/Kandidatas68875/Kandidato68875Anketa.html,22
Justiniškių,Fabijoniškių,Svetlana MARTINKO,http://www.vrk.lt/statiniai/puslapiai/rinkimai/416_lt/Kandidatai/Kandidatas69963/Kandidato69963Anketa.html,11
Justiniškių,Fabijoniškių,Emilis MIKELĖNAS,http://www.vrk.lt/statiniai/puslapiai/rinkimai/416_lt/Kandidatai/Kandidatas67775/Kandidato67775Anketa.html,3
Justiniškių,Fabijoniškių,Artemij SITENKOV,http://www.vrk.lt/statiniai/puslapiai/rinkimai/416_lt/Kandidatai/Kandidatas67704/Kandidato67704Anketa.html,7
Fabijoniškių,Justiniškių,Dainius KREIVYS,http://www.vrk.lt/statiniai/puslapiai/rinkimai/416_lt/Kandidatai/Kandidatas67304/Kandidato67304Anketa.html,614
Fabijoniškių,Justiniškių,Artūras PAULAUSKAS,http://www.vrk.lt/statiniai/puslapiai/rinkimai/416_lt/Kandidatai/Kandidatas67885/Kandidato67885Anketa.html,395
Fabijoniškių,Justiniškių,Dalia KUODYTĖ,http://www.vrk.lt/statiniai/puslapiai/rinkimai/416_lt/Kandidatai/Kandidatas67069/Kandidato67069Anketa.html,475
Fabijoniškių,Justiniškių,Gžegož SAKSON,http://www.vrk.lt/statiniai/puslapiai/rinkimai/416_lt/Kandidatai/Kandidatas68475/Kandidato68475Anketa.html,146
Fabijoniškių,Justiniškių,Žilvinas ŠILGALIS,http://www.vrk.lt/statiniai/puslapiai/rinkimai/416_lt/Kandidatai/Kandidatas68126/Kandidato68126Anketa.html,252
Fabijoniškių,Justiniškių,Auksė KONTRIMIENĖ,http://www.vrk.lt/statiniai/puslapiai/rinkimai/416_lt/Kandidatai/Kandidatas66834/Kandidato66834Anketa.html,174
Fabijoniškių,Justiniškių,Raimondas ŠUKYS,http://www.vrk.lt/statiniai/puslapiai/rinkimai/416_lt/Kandidatai/Kandidatas69729/Kandidato69729Anketa.html,239
Fabijoniškių,Justiniškių,Daugardas GRUODIS,http://www.vrk.lt/statiniai/puslapiai/rinkimai/416_lt/Kandidatai/Kandidatas66676/Kandidato66676Anketa.html,122
Fabijoniškių,Justiniškių,Dailis Alfonsas BARAKAUSKAS,http://www.vrk.lt/statiniai/puslapiai/rinkimai/416_lt/Kandidatai/Kandidatas66460/Kandidato66460Anketa.html,52
Fabijoniškių,Justiniškių,Jonas VALATKA,http://www.vrk.lt/statiniai/puslapiai/rinkimai/416_lt/Kandidatai/Kandidatas68362/Kandidato68362Anketa.html,81
Fabijoniškių,Justiniškių,Andrius MULEVIČIUS,http://www.vrk.lt/statiniai/puslapiai/rinkimai/416_lt/Kandidatai/Kandidatas68741/Kandidato68741Anketa.html,42
Fabijoniškių,Justiniškių,Vladas KASPARAVIČIUS,http://www.vrk.lt/statiniai/puslapiai/rinkimai/416_lt/Kandidatai/Kandidatas69105/Kandidato69105Anketa.html,16
Fabijoniškių,Justiniškių,Joana TAMKEVIČIŪTĖ,http://www.vrk.lt/statiniai/puslapiai/rinkimai/416_lt/Kandidatai/Kandidatas66958/Kandidato66958Anketa.html,36
Fabijoniškių,Justiniškių,Rūta JACEVIČIENĖ,http://www.vrk.lt/statiniai/puslapiai/rinkimai/416_lt/Kandidatai/Kandidatas68874/Kandidato68874Anketa.html,19
Fabijoniškių,Justiniškių,Rimas KANČYS,http://www.vrk.lt/statiniai/puslapiai/rinkimai/416_lt/Kandidatai/Kandidatas67705/Kandidato67705Anketa.html,8
Fabijoniškių,Justiniškių,Tirkišas AMANOVAS,http://www.vrk.lt/statiniai/puslapiai/rinkimai/416_lt/Kandidatai/Kandidatas67211/Kandidato67211Anketa.html,3
Fabijoniškių,Justiniškių,Regina MIKALAUSKIENĖ,http://www.vrk.lt/statiniai/puslapiai/rinkimai/416_lt/Kandidatai/Kandidatas69979/Kandidato69979Anketa.html,5
Šeškinės,Justiniškių,Audronius AŽUBALIS,http://www.vrk.lt/statiniai/puslapiai/rinkimai/416_lt/Kandidatai/Kandidatas67294/Kandidato67294Anketa.html,261
Šeškinės,Justiniškių,Zbigniev MACIEJEVSKI,http://www.vrk.lt/statiniai/puslapiai/rinkimai/416_lt/Kandidatai/Kandidatas68446/Kandidato68446Anketa.html,218
Šeškinės,Justiniškių,Algirdas SYSAS,http://www.vrk.lt/statiniai/puslapiai/rinkimai/416_lt/Kandidatai/Kandidatas66821/Kandidato66821Anketa.html,142
Šeškinės,Justiniškių,Vytautas GRICIUS,http://www.vrk.lt/statiniai/puslapiai/rinkimai/416_lt/Kandidatai/Kandidatas67936/Kandidato67936Anketa.html,140
Šeškinės,Justiniškių,Valdas VASILIAUSKAS,http://www.vrk.lt/statiniai/puslapiai/rinkimai/416_lt/Kandidatai/Kandidatas66661/Kandidato66661Anketa.html,128
Šeškinės,Justiniškių,Arūnas ŠTARAS,http://www.vrk.lt/statiniai/puslapiai/rinkimai/416_lt/Kandidatai/Kandidatas67078/Kandidato67078Anketa.html,55
Šeškinės,Justiniškių,Gediminas RUDŽIONIS,http://www.vrk.lt/statiniai/puslapiai/rinkimai/416_lt/Kandidatai/Kandidatas66483/Kandidato66483Anketa.html,58
Šeškinės,Justiniškių,Ligitas KERNAGIS,http://www.vrk.lt/statiniai/puslapiai/rinkimai/416_lt/Kandidatai/Kandidatas68129/Kandidato68129Anketa.html,46
Šeškinės,Justiniškių,Liudas BRADAUSKAS,http://www.vrk.lt/statiniai/puslapiai/rinkimai/416_lt/Kandidatai/Kandidatas68366/Kandidato68366Anketa.html,34
Šeškinės,Justiniškių,Regimantas ČIUPAILA,http://www.vrk.lt/statiniai/puslapiai/rinkimai/416_lt/Kandidatai/Kandidatas69734/Kandidato69734Anketa.html,27
Šeškinės,Justiniškių,Andrejus GAIDAMAVIČIUS,http://www.vrk.lt/statiniai/puslapiai/rinkimai/416_lt/Kandidatai/Kandidatas68733/Kandidato68733Anketa.html,20
Šeškinės,Justiniškių,Jolita ALEKSEJŪNIENĖ,http://www.vrk.lt/statiniai/puslapiai/rinkimai/416_lt/Kandidatai/Kandidatas69948/Kandidato69948Anketa.html,7
Šeškinės,Justiniškių,Asta NAZAROVIENĖ,http://www.vrk.lt/statiniai/puslapiai/rinkimai/416_lt/Kandidatai/Kandidatas68865/Kandidato68865Anketa.html,2
Šeškinės,Justiniškių,Vytautas Aleksas LAZINKA,http://www.vrk.lt/statiniai/puslapiai/rinkimai/416_lt/Kandidatai/Kandidatas67754/Kandidato67754Anketa.html,9
Šeškinės,Justiniškių,Laimis BIKAUSKAS,http://www.vrk.lt/statiniai/puslapiai/rinkimai/416_lt/Kandidatai/Kandidatas67682/Kandidato67682Anketa.html,4
Šeškinės,Karoliniškių,Audronius AŽUBALIS,http://www.vrk.lt/statiniai/puslapiai/rinkimai/416_lt/Kandidatai/Kandidatas67294/Kandidato67294Anketa.html,353
Šeškinės,Karoliniškių,Zbigniev MACIEJEVSKI,http://www.vrk.lt/statiniai/puslapiai/rinkimai/416_lt/Kandidatai/Kandidatas68446/Kandidato68446Anketa.html,210
Šeškinės,Karoliniškių,Algirdas SYSAS,http://www.vrk.lt/statiniai/puslapiai/rinkimai/416_lt/Kandidatai/Kandidatas66821/Kandidato66821Anketa.html,172
Šeškinės,Karoliniškių,Vytautas GRICIUS,http://www.vrk.lt/statiniai/puslapiai/rinkimai/416_lt/Kandidatai/Kandidatas67936/Kandidato67936Anketa.html,225
Šeškinės,Karoliniškių,Valdas VASILIAUSKAS,http://www.vrk.lt/statiniai/puslapiai/rinkimai/416_lt/Kandidatai/Kandidatas66661/Kandidato66661Anketa.html,125
Šeškinės,Karoliniškių,Arūnas ŠTARAS,http://www.vrk.lt/statiniai/puslapiai/rinkimai/416_lt/Kandidatai/Kandidatas67078/Kandidato67078Anketa.html,111
Šeškinės,Karoliniškių,Gediminas RUDŽIONIS,http://www.vrk.lt/statiniai/puslapiai/rinkimai/416_lt/Kandidatai/Kandidatas66483/Kandidato66483Anketa.html,68
Šeškinės,Karoliniškių,Ligitas KERNAGIS,http://www.vrk.lt/statiniai/puslapiai/rinkimai/416_lt/Kandidatai/Kandidatas68129/Kandidato68129Anketa.html,85
Šeškinės,Karoliniškių,Liudas BRADAUSKAS,http://www.vrk.lt/statiniai/puslapiai/rinkimai/416_lt/Kandidatai/Kandidatas68366/Kandidato68366Anketa.html,51
Šeškinės,Karoliniškių,Regimantas ČIUPAILA,http://www.vrk.lt/statiniai/puslapiai/rinkimai/416_lt/Kandidatai/Kandidatas69734/Kandidato69734Anketa.html,40
Šeškinės,Karoliniškių,Andrejus GAIDAMAVIČIUS,http://www.vrk.lt/statiniai/puslapiai/rinkimai/416_lt/Kandidatai/Kandidatas68733/Kandidato68733Anketa.html,35
Šeškinės,Karoliniškių,Jolita ALEKSEJŪNIENĖ,http://www.vrk.lt/statiniai/puslapiai/rinkimai/416_lt/Kandidatai/Kandidatas69948/Kandidato69948Anketa.html,16
Šeškinės,Karoliniškių,Asta NAZAROVIENĖ,http://www.vrk.lt/statiniai/puslapiai/rinkimai/416_lt/Kandidatai/Kandidatas68865/Kandidato68865Anketa.html,10
Šeškinės,Karoliniškių,Vytautas Aleksas LAZINKA,http://www.vrk.lt/statiniai/puslapiai/rinkimai/416_lt/Kandidatai/Kandidatas67754/Kandidato67754Anketa.html,4
Šeškinės,Karoliniškių,Laimis BIKAUSKAS,http://www.vrk.lt/statiniai/puslapiai/rinkimai/416_lt/Kandidatai/Kandidatas67682/Kandidato67682Anketa.html,5
Justiniškių,Karoliniškių,Paulius SAUDARGAS,http://www.vrk.lt/statiniai/puslapiai/rinkimai/416_lt/Kandidatai/Kandidatas67295/Kandidato67295Anketa.html,499
Justiniškių,Karoliniškių,Sofija MATAREVIČ,http://www.vrk.lt/statiniai/puslapiai/rinkimai/416_lt/Kandidatai/Kandidatas68486/Kandidato68486Anketa.html,199
Justiniškių,Karoliniškių,Gediminas KIRKILAS,http://www.vrk.lt/statiniai/puslapiai/rinkimai/416_lt/Kandidatai/Kandidatas66826/Kandidato66826Anketa.html,201
Justiniškių,Karoliniškių,Edmundas VAITEKŪNAS,http://www.vrk.lt/statiniai/puslapiai/rinkimai/416_lt/Kandidatai/Kandidatas67974/Kandidato67974Anketa.html,203
Justiniškių,Karoliniškių,Vytautas Antanas MATULEVIČIUS,http://www.vrk.lt/statiniai/puslapiai/rinkimai/416_lt/Kandidatai/Kandidatas66666/Kandidato66666Anketa.html,179
Justiniškių,Karoliniškių,Linas KVEDARAVIČIUS,http://www.vrk.lt/statiniai/puslapiai/rinkimai/416_lt/Kandidatai/Kandidatas67087/Kandidato67087Anketa.html,211
Justiniškių,Karoliniškių,Rūta VANAGAITĖ,http://www.vrk.lt/statiniai/puslapiai/rinkimai/416_lt/Kandidatai/Kandidatas68131/Kandidato68131Anketa.html,131
Justiniškių,Karoliniškių,Rimantas REMEIKA,http://www.vrk.lt/statiniai/puslapiai/rinkimai/416_lt/Kandidatai/Kandidatas69743/Kandidato69743Anketa.html,87
Justiniškių,Karoliniškių,Algimantas JUOCEVIČIUS,http://www.vrk.lt/statiniai/puslapiai/rinkimai/416_lt/Kandidatai/Kandidatas66503/Kandidato66503Anketa.html,92
Justiniškių,Karoliniškių,Gediminas NAVAITIS,http://www.vrk.lt/statiniai/puslapiai/rinkimai/416_lt/Kandidatai/Kandidatas68296/Kandidato68296Anketa.html,63
Justiniškių,Karoliniškių,Virginija VINGRIENĖ,http://www.vrk.lt/statiniai/puslapiai/rinkimai/416_lt/Kandidatai/Kandidatas68649/Kandidato68649Anketa.html,85
Justiniškių,Karoliniškių,Rūta JANKAUSKIENĖ,http://www.vrk.lt/statiniai/puslapiai/rinkimai/416_lt/Kandidatai/Kandidatas68875/Kandidato68875Anketa.html,25
Justiniškių,Karoliniškių,Svetlana MARTINKO,http://www.vrk.lt/statiniai/puslapiai/rinkimai/416_lt/Kandidatai/Kandidatas69963/Kandidato69963Anketa.html,10
Justiniškių,Karoliniškių,Emilis MIKELĖNAS,http://www.vrk.lt/statiniai/puslapiai/rinkimai/416_lt/Kandidatai/Kandidatas67775/Kandidato67775Anketa.html,7
Justiniškių,Karoliniškių,Artemij SITENKOV,http://www.vrk.lt/statiniai/puslapiai/rinkimai/416_lt/Kandidatai/Kandidatas67704/Kandidato67704Anketa.html,3
Justiniškių,Šeškinės,Paulius SAUDARGAS,http://www.vrk.lt/statiniai/puslapiai/rinkimai/416_lt/Kandidatai/Kandidatas67295/Kandidato67295Anketa.html,333
Justiniškių,Šeškinės,Sofija MATAREVIČ,http://www.vrk.lt/statiniai/puslapiai/rinkimai/416_lt/Kandidatai/Kandidatas68486/Kandidato68486Anketa.html,261
Justiniškių,Šeškinės,Gediminas KIRKILAS,http://www.vrk.lt/statiniai/puslapiai/rinkimai/416_lt/Kandidatai/Kandidatas66826/Kandidato66826Anketa.html,246
Justiniškių,Šeškinės,Edmundas VAITEKŪNAS,http://www.vrk.lt/statiniai/puslapiai/rinkimai/416_lt/Kandidatai/Kandidatas67974/Kandidato67974Anketa.html,247
Justiniškių,Šeškinės,Vytautas Antanas MATULEVIČIUS,http://www.vrk.lt/statiniai/puslapiai/rinkimai/416_lt/Kandidatai/Kandidatas66666/Kandidato66666Anketa.html,202
Justiniškių,Šeškinės,Linas KVEDARAVIČIUS,http://www.vrk.lt/statiniai/puslapiai/rinkimai/416_lt/Kandidatai/Kandidatas67087/Kandidato67087Anketa.html,146
Justiniškių,Šeškinės,Rūta VANAGAITĖ,http://www.vrk.lt/statiniai/puslapiai/rinkimai/416_lt/Kandidatai/Kandidatas68131/Kandidato68131Anketa.html,104
Justiniškių,Šeškinės,Rimantas REMEIKA,http://www.vrk.lt/statiniai/puslapiai/rinkimai/416_lt/Kandidatai/Kandidatas69743/Kandidato69743Anketa.html,154
Justiniškių,Šeškinės,Algimantas JUOCEVIČIUS,http://www.vrk.lt/statiniai/puslapiai/rinkimai/416_lt/Kandidatai/Kandidatas66503/Kandidato66503Anketa.html,94
Justiniškių,Šeškinės,Gediminas NAVAITIS,http://www.vrk.lt/statiniai/puslapiai/rinkimai/416_lt/Kandidatai/Kandidatas68296/Kandidato68296Anketa.html,48
Justiniškių,Šeškinės,Virginija VINGRIENĖ,http://www.vrk.lt/statiniai/puslapiai/rinkimai/416_lt/Kandidatai/Kandidatas68649/Kandidato68649Anketa.html,44
Justiniškių,Šeškinės,Rūta JANKAUSKIENĖ,http://www.vrk.lt/statiniai/puslapiai/rinkimai/416_lt/Kandidatai/Kandidatas68875/Kandidato68875Anketa.html,18
Justiniškių,Šeškinės,Svetlana MARTINKO,http://www.vrk.lt/statiniai/puslapiai/rinkimai/416_lt/Kandidatai/Kandidatas69963/Kandidato69963Anketa.html,22
Justiniškių,Šeškinės,Emilis MIKELĖNAS,http://www.vrk.lt/statiniai/puslapiai/rinkimai/416_lt/Kandidatai/Kandidatas67775/Kandidato67775Anketa.html,7
Justiniškių,Šeškinės,Artemij SITENKOV,http://www.vrk.lt/statiniai/puslapiai/rinkimai/416_lt/Kandidatai/Kandidatas67704/Kandidato67704Anketa.html,9
Karoliniškių,Šeškinės,Danutė BEKINTIENĖ,http://www.vrk.lt/statiniai/puslapiai/rinkimai/416_lt/Kandidatai/Kandidatas67333/Kandidato67333Anketa.html,223
Karoliniškių,Šeškinės,Linas BALSYS,http://www.vrk.lt/statiniai/puslapiai/rinkimai/416_lt/Kandidatai/Kandidatas67514/Kandidato67514Anketa.html,216
Karoliniškių,Šeškinės,Vanda KRAVČIONOK,http://www.vrk.lt/statiniai/puslapiai/rinkimai/416_lt/Kandidatai/Kandidatas68433/Kandidato68433Anketa.html,261
Karoliniškių,Šeškinės,Valdas SKARBALIUS,http://www.vrk.lt/statiniai/puslapiai/rinkimai/416_lt/Kandidatai/Kandidatas67897/Kandidato67897Anketa.html,197
Karoliniškių,Šeškinės,Jurgis JURKEVIČIUS,http://www.vrk.lt/statiniai/puslapiai/rinkimai/416_lt/Kandidatai/Kandidatas66920/Kandidato66920Anketa.html,153
Karoliniškių,Šeškinės,Stasys BRUNDZA,http://www.vrk.lt/statiniai/puslapiai/rinkimai/416_lt/Kandidatai/Kandidatas66664/Kandidato66664Anketa.html,127
Karoliniškių,Šeškinės,Alvydas MEDALINSKAS,http://www.vrk.lt/statiniai/puslapiai/rinkimai/416_lt/Kandidatai/Kandidatas68029/Kandidato68029Anketa.html,84
Karoliniškių,Šeškinės,Ilona GRIGARAVIČIENĖ,http://www.vrk.lt/statiniai/puslapiai/rinkimai/416_lt/Kandidatai/Kandidatas67111/Kandidato67111Anketa.html,79
Karoliniškių,Šeškinės,Almantas PETKUS,http://www.vrk.lt/statiniai/puslapiai/rinkimai/416_lt/Kandidatai/Kandidatas66469/Kandidato66469Anketa.html,65
Karoliniškių,Šeškinės,Laimas DIENINIS,http://www.vrk.lt/statiniai/puslapiai/rinkimai/416_lt/Kandidatai/Kandidatas68142/Kandidato68142Anketa.html,37
Karoliniškių,Šeškinės,Vytautas BERNATONIS,http://www.vrk.lt/statiniai/puslapiai/rinkimai/416_lt/Kandidatai/Kandidatas69096/Kandidato69096Anketa.html,40
Karoliniškių,Šeškinės,Virginija APANAVIČIENĖ,http://www.vrk.lt/statiniai/puslapiai/rinkimai/416_lt/Kandidatai/Kandidatas68712/Kandidato68712Anketa.html,23
Karoliniškių,Šeškinės,Mantas PANAVAS,http://www.vrk.lt/statiniai/puslapiai/rinkimai/416_lt/Kandidatai/Kandidatas69762/Kandidato69762Anketa.html,12
Karoliniškių,Šeškinės,Juozas VASILIAUSKAS,http://www.vrk.lt/statiniai/puslapiai/rinkimai/416_lt/Kandidatai/Kandidatas68866/Kandidato68866Anketa.html,14
Karoliniškių,Šeškinės,Albina KAVALIAUSKAITĖ,http://www.vrk.lt/statiniai/puslapiai/rinkimai/416_lt/Kandidatai/Kandidatas67647/Kandidato67647Anketa.html,14
Karoliniškių,Šeškinės,Angelina LABANAUSKIENĖ,http://www.vrk.lt/statiniai/puslapiai/rinkimai/416_lt/Kandidatai/Kandidatas67767/Kandidato67767Anketa.html,8
Karoliniškių,Šeškinės,Audrius JASIONIS,http://www.vrk.lt/statiniai/puslapiai/rinkimai/416_lt/Kandidatai/Kandidatas70007/Kandidato70007Anketa.html,3
Lazdynų,Vilniaus-Trakų,Algis STRELČIŪNAS,http://www.vrk.lt/statiniai/puslapiai/rinkimai/416_lt/Kandidatai/Kandidatas67374/Kandidato67374Anketa.html,531
Lazdynų,Vilniaus-Trakų,Gintaras STEPONAVIČIUS,http://www.vrk.lt/statiniai/puslapiai/rinkimai/416_lt/Kandidatai/Kandidatas67068/Kandidato67068Anketa.html,590
Lazdynų,Vilniaus-Trakų,Romualda POŠEVECKAJA,http://www.vrk.lt/statiniai/puslapiai/rinkimai/416_lt/Kandidatai/Kandidatas68438/Kandidato68438Anketa.html,554
Lazdynų,Vilniaus-Trakų,Jonas PINSKUS,http://www.vrk.lt/statiniai/puslapiai/rinkimai/416_lt/Kandidatai/Kandidatas68019/Kandidato68019Anketa.html,678
Lazdynų,Vilniaus-Trakų,Romas ADOMAVIČIUS,http://www.vrk.lt/statiniai/puslapiai/rinkimai/416_lt/Kandidatai/Kandidatas66861/Kandidato66861Anketa.html,291
Lazdynų,Vilniaus-Trakų,Vytautas BUDNIKAS,http://www.vrk.lt/statiniai/puslapiai/rinkimai/416_lt/Kandidatai/Kandidatas66672/Kandidato66672Anketa.html,172
Lazdynų,Vilniaus-Trakų,Algirdas GENEVIČIUS,http://www.vrk.lt/statiniai/puslapiai/rinkimai/416_lt/Kandidatai/Kandidatas66516/Kandidato66516Anketa.html,142
Lazdynų,Vilniaus-Trakų,Saulius PAUKŠTYS,http://www.vrk.lt/statiniai/puslapiai/rinkimai/416_lt/Kandidatai/Kandidatas68201/Kandidato68201Anketa.html,161
Lazdynų,Vilniaus-Trakų,Kazimieras UOKA,http://www.vrk.lt/statiniai/puslapiai/rinkimai/416_lt/Kandidatai/Kandidatas68294/Kandidato68294Anketa.html,113
Lazdynų,Vilniaus-Trakų,Jurgita GINTAUTAITĖ,http://www.vrk.lt/statiniai/puslapiai/rinkimai/416_lt/Kandidatai/Kandidatas69753/Kandidato69753Anketa.html,103
Lazdynų,Vilniaus-Trakų,Olegas RATIUKAS,http://www.vrk.lt/statiniai/puslapiai/rinkimai/416_lt/Kandidatai/Kandidatas69110/Kandidato69110Anketa.html,52
Lazdynų,Vilniaus-Trakų,Vidmantas ŽIEMELIS,http://www.vrk.lt/statiniai/puslapiai/rinkimai/416_lt/Kandidatai/Kandidatas68832/Kandidato68832Anketa.html,53
Lazdynų,Vilniaus-Trakų,Oksana ROKAŠEVIČ,http://www.vrk.lt/statiniai/puslapiai/rinkimai/416_lt/Kandidatai/Kandidatas68743/Kandidato68743Anketa.html,54
Lazdynų,Vilniaus-Trakų,Anželika JANKOVSKAJA,http://www.vrk.lt/statiniai/puslapiai/rinkimai/416_lt/Kandidatai/Kandidatas70006/Kandidato70006Anketa.html,46
Lazdynų,Vilniaus-Trakų,Rytis ZABIELSKAS,http://www.vrk.lt/statiniai/puslapiai/rinkimai/416_lt/Kandidatai/Kandidatas67685/Kandidato67685Anketa.html,17
Lazdynų,Vilniaus-Trakų,Sigitas VAIŠNORAS,http://www.vrk.lt/statiniai/puslapiai/rinkimai/416_lt/Kandidatai/Kandidatas67760/Kandidato67760Anketa.html,11
Naujosios Vilnios,Vilniaus-Trakų,Tadeuš ANDŽEJEVSKI,http://www.vrk.lt/statiniai/puslapiai/rinkimai/416_lt/Kandidatai/Kandidatas68487/Kandidato68487Anketa.html,469
Naujosios Vilnios,Vilniaus-Trakų,Sergej URSUL,http://www.vrk.lt/statiniai/puslapiai/rinkimai/416_lt/Kandidatai/Kandidatas67931/Kandidato67931Anketa.html,339
Naujosios Vilnios,Vilniaus-Trakų,Algirdas PALECKIS,http://www.vrk.lt/statiniai/puslapiai/rinkimai/416_lt/Kandidatai/Kandidatas69094/Kandidato69094Anketa.html,193
Naujosios Vilnios,Vilniaus-Trakų,Artūras MELIANAS,http://www.vrk.lt/statiniai/puslapiai/rinkimai/416_lt/Kandidatai/Kandidatas69727/Kandidato69727Anketa.html,303
Naujosios Vilnios,Vilniaus-Trakų,Emanuelis ZINGERIS,http://www.vrk.lt/statiniai/puslapiai/rinkimai/416_lt/Kandidatai/Kandidatas67307/Kandidato67307Anketa.html,212
Naujosios Vilnios,Vilniaus-Trakų,Tatjana RINKEVIČIENĖ,http://www.vrk.lt/statiniai/puslapiai/rinkimai/416_lt/Kandidatai/Kandidatas66857/Kandidato66857Anketa.html,159
Naujosios Vilnios,Vilniaus-Trakų,Šarūnas SKUČAS,http://www.vrk.lt/statiniai/puslapiai/rinkimai/416_lt/Kandidatai/Kandidatas67171/Kandidato67171Anketa.html,124
Naujosios Vilnios,Vilniaus-Trakų,Bronius CICĖNAS,http://www.vrk.lt/statiniai/puslapiai/rinkimai/416_lt/Kandidatai/Kandidatas66391/Kandidato66391Anketa.html,89
Naujosios Vilnios,Vilniaus-Trakų,Rolandas BORAVSKIS,http://www.vrk.lt/statiniai/puslapiai/rinkimai/416_lt/Kandidatai/Kandidatas66674/Kandidato66674Anketa.html,90
Naujosios Vilnios,Vilniaus-Trakų,Aleksandras BOJAROVAS,http://www.vrk.lt/statiniai/puslapiai/rinkimai/416_lt/Kandidatai/Kandidatas68173/Kandidato68173Anketa.html,65
Naujosios Vilnios,Vilniaus-Trakų,Juzef TOMAŠEVIČ-JAKOVIČ,http://www.vrk.lt/statiniai/puslapiai/rinkimai/416_lt/Kandidatai/Kandidatas68681/Kandidato68681Anketa.html,39
Naujosios Vilnios,Vilniaus-Trakų,Tomas BIKELIS,http://www.vrk.lt/statiniai/puslapiai/rinkimai/416_lt/Kandidatai/Kandidatas68038/Kandidato68038Anketa.html,31
Naujosios Vilnios,Vilniaus-Trakų,Robertas PRANCKŪNAS,http://www.vrk.lt/statiniai/puslapiai/rinkimai/416_lt/Kandidatai/Kandidatas67757/Kandidato67757Anketa.html,11
Naujosios Vilnios,Vilniaus-Trakų,Ilona POPLAVSKAJA,http://www.vrk.lt/statiniai/puslapiai/rinkimai/416_lt/Kandidatai/Kandidatas67670/Kandidato67670Anketa.html,3
Naujosios Vilnios,Vilniaus-Trakų,Viačeslav JANKELEVIČ,http://www.vrk.lt/statiniai/puslapiai/rinkimai/416_lt/Kandidatai/Kandidatas69971/Kandidato69971Anketa.html,8
Trakų-Elektrėnų,Vilniaus-Trakų,Dangutė MIKUTIENĖ,http://www.vrk.lt/statiniai/puslapiai/rinkimai/416_lt/Kandidatai/Kandidatas67888/Kandidato67888Anketa.html,114
Trakų-Elektrėnų,Vilniaus-Trakų,Jonas LIESYS,http://www.vrk.lt/statiniai/puslapiai/rinkimai/416_lt/Kandidatai/Kandidatas69737/Kandidato69737Anketa.html,50
Trakų-Elektrėnų,Vilniaus-Trakų,Jaroslav KAMINSKI,http://www.vrk.lt/statiniai/puslapiai/rinkimai/416_lt/Kandidatai/Kandidatas68443/Kandidato68443Anketa.html,275
Trakų-Elektrėnų,Vilniaus-Trakų,Asta KANDRATAVIČIENĖ,http://www.vrk.lt/statiniai/puslapiai/rinkimai/416_lt/Kandidatai/Kandidatas66867/Kandidato66867Anketa.html,29
Trakų-Elektrėnų,Vilniaus-Trakų,Vidas URBONAVIČIUS,http://www.vrk.lt/statiniai/puslapiai/rinkimai/416_lt/Kandidatai/Kandidatas67325/Kandidato67325Anketa.html,22
Trakų-Elektrėnų,Vilniaus-Trakų,Danas DAMBRAUSKAS,http://www.vrk.lt/statiniai/puslapiai/rinkimai/416_lt/Kandidatai/Kandidatas66515/Kandidato66515Anketa.html,14
Trakų-Elektrėnų,Vilniaus-Trakų,Eglė MIRONČIKIENĖ,http://www.vrk.lt/statiniai/puslapiai/rinkimai/416_lt/Kandidatai/Kandidatas66694/Kandidato66694Anketa.html,10
Trakų-Elektrėnų,Vilniaus-Trakų,Rita BALTADUONYTĖ-LEONIENĖ,http://www.vrk.lt/statiniai/puslapiai/rinkimai/416_lt/Kandidatai/Kandidatas67131/Kandidato67131Anketa.html,5
Trakų-Elektrėnų,Vilniaus-Trakų,Albinas MORKŪNAS,http://www.vrk.lt/statiniai/puslapiai/rinkimai/416_lt/Kandidatai/Kandidatas68641/Kandidato68641Anketa.html,7
Trakų-Elektrėnų,Vilniaus-Trakų,Zofija ABECIŪNIENĖ,http://www.vrk.lt/statiniai/puslapiai/rinkimai/416_lt/Kandidatai/Kandidatas68162/Kandidato68162Anketa.html,6
Trakų-Elektrėnų,Vilniaus-Trakų,Ilona OGURCOVA,http://www.vrk.lt/statiniai/puslapiai/rinkimai/416_lt/Kandidatai/Kandidatas68864/Kandidato68864Anketa.html,1
Trakų-Elektrėnų,Vilniaus-Trakų,Edikas JAGELAVIČIUS,http://www.vrk.lt/statiniai/puslapiai/rinkimai/416_lt/Kandidatai/Kandidatas69103/Kandidato69103Anketa.html,5
Trakų-Elektrėnų,Vilniaus-Trakų,Giedrė GEČAITĖ,http://www.vrk.lt/statiniai/puslapiai/rinkimai/416_lt/Kandidatai/Kandidatas69941/Kandidato69941Anketa.html,6
Trakų-Elektrėnų,Vilniaus-Trakų,Rimas URBUS,http://www.vrk.lt/statiniai/puslapiai/rinkimai/416_lt/Kandidatai/Kandidatas67447/Kandidato67447Anketa.html,0
Trakų-Elektrėnų,Vilniaus-Trakų,Kazys Vytautas LAURUŠEVIČIUS,http://www.vrk.lt/statiniai/puslapiai/rinkimai/416_lt/Kandidatai/Kandidatas67683/Kandidato67683Anketa.html,2
Lazdynų,Naujamiesčio,Algis STRELČIŪNAS,http://www.vrk.lt/statiniai/puslapiai/rinkimai/416_lt/Kandidatai/Kandidatas67374/Kandidato67374Anketa.html,239
Lazdynų,Naujamiesčio,Gintaras STEPONAVIČIUS,http://www.vrk.lt/statiniai/puslapiai/rinkimai/416_lt/Kandidatai/Kandidatas67068/Kandidato67068Anketa.html,232
Lazdynų,Naujamiesčio,Romualda POŠEVECKAJA,http://www.vrk.lt/statiniai/puslapiai/rinkimai/416_lt/Kandidatai/Kandidatas68438/Kandidato68438Anketa.html,202
Lazdynų,Naujamiesčio,Jonas PINSKUS,http://www.vrk.lt/statiniai/puslapiai/rinkimai/416_lt/Kandidatai/Kandidatas68019/Kandidato68019Anketa.html,201
Lazdynų,Naujamiesčio,Romas ADOMAVIČIUS,http://www.vrk.lt/statiniai/puslapiai/rinkimai/416_lt/Kandidatai/Kandidatas66861/Kandidato66861Anketa.html,120
Lazdynų,Naujamiesčio,Vytautas BUDNIKAS,http://www.vrk.lt/statiniai/puslapiai/rinkimai/416_lt/Kandidatai/Kandidatas66672/Kandidato66672Anketa.html,105
Lazdynų,Naujamiesčio,Algirdas GENEVIČIUS,http://www.vrk.lt/statiniai/puslapiai/rinkimai/416_lt/Kandidatai/Kandidatas66516/Kandidato66516Anketa.html,65
Lazdynų,Naujamiesčio,Saulius PAUKŠTYS,http://www.vrk.lt/statiniai/puslapiai/rinkimai/416_lt/Kandidatai/Kandidatas68201/Kandidato68201Anketa.html,54
Lazdynų,Naujamiesčio,Kazimieras UOKA,http://www.vrk.lt/statiniai/puslapiai/rinkimai/416_lt/Kandidatai/Kandidatas68294/Kandidato68294Anketa.html,51
Lazdynų,Naujamiesčio,Jurgita GINTAUTAITĖ,http://www.vrk.lt/statiniai/puslapiai/rinkimai/416_lt/Kandidatai/Kandidatas69753/Kandidato69753Anketa.html,42
Lazdynų,Naujamiesčio,Olegas RATIUKAS,http://www.vrk.lt/statiniai/puslapiai/rinkimai/416_lt/Kandidatai/Kandidatas69110/Kandidato69110Anketa.html,26
Lazdynų,Naujamiesčio,Vidmantas ŽIEMELIS,http://www.vrk.lt/statiniai/puslapiai/rinkimai/416_lt/Kandidatai/Kandidatas68832/Kandidato68832Anketa.html,29
Lazdynų,Naujamiesčio,Oksana ROKAŠEVIČ,http://www.vrk.lt/statiniai/puslapiai/rinkimai/416_lt/Kandidatai/Kandidatas68743/Kandidato68743Anketa.html,25
Lazdynų,Naujamiesčio,Anželika JANKOVSKAJA,http://www.vrk.lt/statiniai/puslapiai/rinkimai/416_lt/Kandidatai/Kandidatas70006/Kandidato70006Anketa.html,8
Lazdynų,Naujamiesčio,Rytis ZABIELSKAS,http://www.vrk.lt/statiniai/puslapiai/rinkimai/416_lt/Kandidatai/Kandidatas67685/Kandidato67685Anketa.html,9
Lazdynų,Naujamiesčio,Sigitas VAIŠNORAS,http://www.vrk.lt/statiniai/puslapiai/rinkimai/416_lt/Kandidatai/Kandidatas67760/Kandidato67760Anketa.html,12
Aleksoto-Vilijampolės,Panemunės,Rytas KUPČINSKAS,http://www.vrk.lt/statiniai/puslapiai/rinkimai/416_lt/Kandidatai/Kandidatas67319/Kandidato67319Anketa.html,407
Aleksoto-Vilijampolės,Panemunės,Sigytas KLIMAS,http://www.vrk.lt/statiniai/puslapiai/rinkimai/416_lt/Kandidatai/Kandidatas67973/Kandidato67973Anketa.html,165
Aleksoto-Vilijampolės,Panemunės,Ona BALŽEKIENĖ,http://www.vrk.lt/statiniai/puslapiai/rinkimai/416_lt/Kandidatai/Kandidatas67079/Kandidato67079Anketa.html,268
Aleksoto-Vilijampolės,Panemunės,Steponas VAIČIKAUSKAS,http://www.vrk.lt/statiniai/puslapiai/rinkimai/416_lt/Kandidatai/Kandidatas66909/Kandidato66909Anketa.html,141
Aleksoto-Vilijampolės,Panemunės,Vygaudas MOLIS,http://www.vrk.lt/statiniai/puslapiai/rinkimai/416_lt/Kandidatai/Kandidatas66484/Kandidato66484Anketa.html,148
Aleksoto-Vilijampolės,Panemunės,Tomas MONTVILA,http://www.vrk.lt/statiniai/puslapiai/rinkimai/416_lt/Kandidatai/Kandidatas68746/Kandidato68746Anketa.html,94
Aleksoto-Vilijampolės,Panemunės,Vitoldas MASALSKIS,http://www.vrk.lt/statiniai/puslapiai/rinkimai/416_lt/Kandidatai/Kandidatas67745/Kandidato67745Anketa.html,82
Aleksoto-Vilijampolės,Panemunės,Jūratė MATEKONIENĖ,http://www.vrk.lt/statiniai/puslapiai/rinkimai/416_lt/Kandidatai/Kandidatas68133/Kandidato68133Anketa.html,53
Aleksoto-Vilijampolės,Panemunės,Artūras TEPELYS,http://www.vrk.lt/statiniai/puslapiai/rinkimai/416_lt/Kandidatai/Kandidatas69782/Kandidato69782Anketa.html,48
Aleksoto-Vilijampolės,Panemunės,Sigita SIAURAITIENĖ,http://www.vrk.lt/statiniai/puslapiai/rinkimai/416_lt/Kandidatai/Kandidatas68878/Kandidato68878Anketa.html,29
Aleksoto-Vilijampolės,Panemunės,Raimondas Valdas NEKROŠIUS,http://www.vrk.lt/statiniai/puslapiai/rinkimai/416_lt/Kandidatai/Kandidatas69850/Kandidato69850Anketa.html,11
Aleksoto-Vilijampolės,Panemunės,Remigijus URBONAS,http://www.vrk.lt/statiniai/puslapiai/rinkimai/416_lt/Kandidatai/Kandidatas67700/Kandidato67700Anketa.html,10
Aleksoto-Vilijampolės,Panemunės,Marius MACKEVIČIUS,http://www.vrk.lt/statiniai/puslapiai/rinkimai/416_lt/Kandidatai/Kandidatas69953/Kandidato69953Anketa.html,3
Aleksoto-Vilijampolės,Panemunės,Tadeuš ALIANCEVIČ,http://www.vrk.lt/statiniai/puslapiai/rinkimai/416_lt/Kandidatai/Kandidatas68484/Kandidato68484Anketa.html,5
Dainavos,Kalniečių,Kazimieras KUZMINSKAS,http://www.vrk.lt/statiniai/puslapiai/rinkimai/416_lt/Kandidatai/Kandidatas67320/Kandidato67320Anketa.html,284
Dainavos,Kalniečių,Saulius STOMA,http://www.vrk.lt/statiniai/puslapiai/rinkimai/416_lt/Kandidatai/Kandidatas66668/Kandidato66668Anketa.html,186
Dainavos,Kalniečių,Gediminas GRIGAS,http://www.vrk.lt/statiniai/puslapiai/rinkimai/416_lt/Kandidatai/Kandidatas67950/Kandidato67950Anketa.html,203
Dainavos,Kalniečių,Violeta BOREIKIENĖ,http://www.vrk.lt/statiniai/puslapiai/rinkimai/416_lt/Kandidatai/Kandidatas66845/Kandidato66845Anketa.html,162
Dainavos,Kalniečių,Erikas TAMAŠAUSKAS,http://www.vrk.lt/statiniai/puslapiai/rinkimai/416_lt/Kandidatai/Kandidatas67077/Kandidato67077Anketa.html,213
Dainavos,Kalniečių,Sonata RUDŽIANSKIENĖ,http://www.vrk.lt/statiniai/puslapiai/rinkimai/416_lt/Kandidatai/Kandidatas66507/Kandidato66507Anketa.html,50
Dainavos,Kalniečių,Mindaugas ALIŠAUSKAS,http://www.vrk.lt/statiniai/puslapiai/rinkimai/416_lt/Kandidatai/Kandidatas68757/Kandidato68757Anketa.html,39
Dainavos,Kalniečių,Saulius SKAMBINAS,http://www.vrk.lt/statiniai/puslapiai/rinkimai/416_lt/Kandidatai/Kandidatas68146/Kandidato68146Anketa.html,51
Dainavos,Kalniečių,Mindaugas ŠIVICKAS,http://www.vrk.lt/statiniai/puslapiai/rinkimai/416_lt/Kandidatai/Kandidatas69758/Kandidato69758Anketa.html,31
Dainavos,Kalniečių,Mindaugas ŠIMKŪNAS,http://www.vrk.lt/statiniai/puslapiai/rinkimai/416_lt/Kandidatai/Kandidatas68318/Kandidato68318Anketa.html,20
Dainavos,Kalniečių,Edvinas SKIRGAILA,http://www.vrk.lt/statiniai/puslapiai/rinkimai/416_lt/Kandidatai/Kandidatas68895/Kandidato68895Anketa.html,20
Dainavos,Kalniečių,Aleksandr FIODOROV,http://www.vrk.lt/statiniai/puslapiai/rinkimai/416_lt/Kandidatai/Kandidatas68490/Kandidato68490Anketa.html,6
Dainavos,Kalniečių,Lolita TURAUSKIENĖ,http://www.vrk.lt/statiniai/puslapiai/rinkimai/416_lt/Kandidatai/Kandidatas67698/Kandidato67698Anketa.html,4
Dainavos,Kalniečių,Dalius MICKUS,http://www.vrk.lt/statiniai/puslapiai/rinkimai/416_lt/Kandidatai/Kandidatas69983/Kandidato69983Anketa.html,8
Pramonės,Dainavos,Kazys STARKEVIČIUS,http://www.vrk.lt/statiniai/puslapiai/rinkimai/416_lt/Kandidatai/Kandidatas67297/Kandidato67297Anketa.html,300
Pramonės,Dainavos,Dainius DANILEVIČIUS,http://www.vrk.lt/statiniai/puslapiai/rinkimai/416_lt/Kandidatai/Kandidatas66677/Kandidato66677Anketa.html,275
Pramonės,Dainavos,Žaneta SIMANAVIČIENĖ,http://www.vrk.lt/statiniai/puslapiai/rinkimai/416_lt/Kandidatai/Kandidatas67932/Kandidato67932Anketa.html,188
Pramonės,Dainavos,Darius RAZMISLEVIČIUS,http://www.vrk.lt/statiniai/puslapiai/rinkimai/416_lt/Kandidatai/Kandidatas66924/Kandidato66924Anketa.html,132
Pramonės,Dainavos,Artūras ORLAUSKAS,http://www.vrk.lt/statiniai/puslapiai/rinkimai/416_lt/Kandidatai/Kandidatas66501/Kandidato66501Anketa.html,101
Pramonės,Dainavos,Justinas KRĖPŠTA,http://www.vrk.lt/statiniai/puslapiai/rinkimai/416_lt/Kandidatai/Kandidatas67128/Kandidato67128Anketa.html,71
Pramonės,Dainavos,Jolita BIELSKIENĖ,http://www.vrk.lt/statiniai/puslapiai/rinkimai/416_lt/Kandidatai/Kandidatas68726/Kandidato68726Anketa.html,40
Pramonės,Dainavos,Pranas PAŠKEVIČIUS,http://www.vrk.lt/statiniai/puslapiai/rinkimai/416_lt/Kandidatai/Kandidatas69759/Kandidato69759Anketa.html,20
Pramonės,Dainavos,Anatolijus ČUPKOVAS,http://www.vrk.lt/statiniai/puslapiai/rinkimai/416_lt/Kandidatai/Kandidatas67746/Kandidato67746Anketa.html,16
Pramonės,Dainavos,Regina ŠIMANAUSKIENĖ,http://www.vrk.lt/statiniai/puslapiai/rinkimai/416_lt/Kandidatai/Kandidatas68174/Kandidato68174Anketa.html,22
Pramonės,Dainavos,Algimantas JASIULIONIS,http://www.vrk.lt/statiniai/puslapiai/rinkimai/416_lt/Kandidatai/Kandidatas68887/Kandidato68887Anketa.html,7
Pramonės,Dainavos,Zita ORENTIENĖ,http://www.vrk.lt/statiniai/puslapiai/rinkimai/416_lt/Kandidatai/Kandidatas67468/Kandidato67468Anketa.html,6
Pramonės,Dainavos,Dmitrij GNEUŠEV,http://www.vrk.lt/statiniai/puslapiai/rinkimai/416_lt/Kandidatai/Kandidatas68456/Kandidato68456Anketa.html,10
Pramonės,Dainavos,Gediminas SADAUSKAS,http://www.vrk.lt/statiniai/puslapiai/rinkimai/416_lt/Kandidatai/Kandidatas67214/Kandidato67214Anketa.html,5
Pramonės,Dainavos,Nijolė JURKUVIENĖ,http://www.vrk.lt/statiniai/puslapiai/rinkimai/416_lt/Kandidatai/Kandidatas67671/Kandidato67671Anketa.html,4
Pramonės,Dainavos,Larisa VALAITIENĖ,http://www.vrk.lt/statiniai/puslapiai/rinkimai/416_lt/Kandidatai/Kandidatas70008/Kandidato70008Anketa.html,5
Panemunės,Centro,Vida Marija ČIGRIEJIENĖ,http://www.vrk.lt/statiniai/puslapiai/rinkimai/416_lt/Kandidatai/Kandidatas67311/Kandidato67311Anketa.html,399
Panemunės,Centro,Jonas VARKALA,http://www.vrk.lt/statiniai/puslapiai/rinkimai/416_lt/Kandidatai/Kandidatas66659/Kandidato66659Anketa.html,340
Panemunės,Centro,Dženeta TOLIŠAUSKIENĖ,http://www.vrk.lt/statiniai/puslapiai/rinkimai/416_lt/Kandidatai/Kandidatas67970/Kandidato67970Anketa.html,238
Panemunės,Centro,Eugenijus KOVALKOVAS,http://www.vrk.lt/statiniai/puslapiai/rinkimai/416_lt/Kandidatai/Kandidatas66930/Kandidato66930Anketa.html,204
Panemunės,Centro,Povilas MAČIULIS,http://www.vrk.lt/statiniai/puslapiai/rinkimai/416_lt/Kandidatai/Kandidatas68135/Kandidato68135Anketa.html,143
Panemunės,Centro,Adelė MAJAUSKIENĖ,http://www.vrk.lt/statiniai/puslapiai/rinkimai/416_lt/Kandidatai/Kandidatas67165/Kandidato67165Anketa.html,157
Panemunės,Centro,Rimas Antanas RUČYS,http://www.vrk.lt/statiniai/puslapiai/rinkimai/416_lt/Kandidatai/Kandidatas66458/Kandidato66458Anketa.html,85
Panemunės,Centro,Remigijus ZELVARAS,http://www.vrk.lt/statiniai/puslapiai/rinkimai/416_lt/Kandidatai/Kandidatas68751/Kandidato68751Anketa.html,55
Panemunės,Centro,Laimonas PAURA,http://www.vrk.lt/statiniai/puslapiai/rinkimai/416_lt/Kandidatai/Kandidatas69796/Kandidato69796Anketa.html,31
Panemunės,Centro,Artūras TAMKUTONIS,http://www.vrk.lt/statiniai/puslapiai/rinkimai/416_lt/Kandidatai/Kandidatas68849/Kandidato68849Anketa.html,22
Panemunės,Centro,Rimantas ŽILIONIS,http://www.vrk.lt/statiniai/puslapiai/rinkimai/416_lt/Kandidatai/Kandidatas67482/Kandidato67482Anketa.html,24
Panemunės,Centro,Algirdas KAZILIONIS,http://www.vrk.lt/statiniai/puslapiai/rinkimai/416_lt/Kandidatai/Kandidatas67762/Kandidato67762Anketa.html,18
Panemunės,Centro,Algirdas VILIMAS,http://www.vrk.lt/statiniai/puslapiai/rinkimai/416_lt/Kandidatai/Kandidatas67448/Kandidato67448Anketa.html,10
Panemunės,Centro,Vadim BARANOVSKIJ,http://www.vrk.lt/statiniai/puslapiai/rinkimai/416_lt/Kandidatai/Kandidatas68480/Kandidato68480Anketa.html,28
Panemunės,Centro,Valerijus JEGANIANAS,http://www.vrk.lt/statiniai/puslapiai/rinkimai/416_lt/Kandidatai/Kandidatas67215/Kandidato67215Anketa.html,14
Panemunės,Centro,Virginija STANIONIENĖ,http://www.vrk.lt/statiniai/puslapiai/rinkimai/416_lt/Kandidatai/Kandidatas69945/Kandidato69945Anketa.html,8
Panemunės,Centro,Dalė POŠKIENĖ,http://www.vrk.lt/statiniai/puslapiai/rinkimai/416_lt/Kandidatai/Kandidatas67645/Kandidato67645Anketa.html,2
Panemunės,Pramonės,Vida Marija ČIGRIEJIENĖ,http://www.vrk.lt/statiniai/puslapiai/rinkimai/416_lt/Kandidatai/Kandidatas67311/Kandidato67311Anketa.html,353
Panemunės,Pramonės,Jonas VARKALA,http://www.vrk.lt/statiniai/puslapiai/rinkimai/416_lt/Kandidatai/Kandidatas66659/Kandidato66659Anketa.html,296
Panemunės,Pramonės,Dženeta TOLIŠAUSKIENĖ,http://www.vrk.lt/statiniai/puslapiai/rinkimai/416_lt/Kandidatai/Kandidatas67970/Kandidato67970Anketa.html,226
Panemunės,Pramonės,Eugenijus KOVALKOVAS,http://www.vrk.lt/statiniai/puslapiai/rinkimai/416_lt/Kandidatai/Kandidatas66930/Kandidato66930Anketa.html,153
Panemunės,Pramonės,Povilas MAČIULIS,http://www.vrk.lt/statiniai/puslapiai/rinkimai/416_lt/Kandidatai/Kandidatas68135/Kandidato68135Anketa.html,86
Panemunės,Pramonės,Adelė MAJAUSKIENĖ,http://www.vrk.lt/statiniai/puslapiai/rinkimai/416_lt/Kandidatai/Kandidatas67165/Kandidato67165Anketa.html,80
Panemunės,Pramonės,Rimas Antanas RUČYS,http://www.vrk.lt/statiniai/puslapiai/rinkimai/416_lt/Kandidatai/Kandidatas66458/Kandidato66458Anketa.html,83
Panemunės,Pramonės,Remigijus ZELVARAS,http://www.vrk.lt/statiniai/puslapiai/rinkimai/416_lt/Kandidatai/Kandidatas68751/Kandidato68751Anketa.html,46
Panemunės,Pramonės,Laimonas PAURA,http://www.vrk.lt/statiniai/puslapiai/rinkimai/416_lt/Kandidatai/Kandidatas69796/Kandidato69796Anketa.html,32
Panemunės,Pramonės,Artūras TAMKUTONIS,http://www.vrk.lt/statiniai/puslapiai/rinkimai/416_lt/Kandidatai/Kandidatas68849/Kandidato68849Anketa.html,16
Panemunės,Pramonės,Rimantas ŽILIONIS,http://www.vrk.lt/statiniai/puslapiai/rinkimai/416_lt/Kandidatai/Kandidatas67482/Kandidato67482Anketa.html,17
Panemunės,Pramonės,Algirdas KAZILIONIS,http://www.vrk.lt/statiniai/puslapiai/rinkimai/416_lt/Kandidatai/Kandidatas67762/Kandidato67762Anketa.html,16
Panemunės,Pramonės,Algirdas VILIMAS,http://www.vrk.lt/statiniai/puslapiai/rinkimai/416_lt/Kandidatai/Kandidatas67448/Kandidato67448Anketa.html,7
Panemunės,Pramonės,Vadim BARANOVSKIJ,http://www.vrk.lt/statiniai/puslapiai/rinkimai/416_lt/Kandidatai/Kandidatas68480/Kandidato68480Anketa.html,8
Panemunės,Pramonės,Valerijus JEGANIANAS,http://www.vrk.lt/statiniai/puslapiai/rinkimai/416_lt/Kandidatai/Kandidatas67215/Kandidato67215Anketa.html,6
Panemunės,Pramonės,Virginija STANIONIENĖ,http://www.vrk.lt/statiniai/puslapiai/rinkimai/416_lt/Kandidatai/Kandidatas69945/Kandidato69945Anketa.html,18
Panemunės,Pramonės,Dalė POŠKIENĖ,http://www.vrk.lt/statiniai/puslapiai/rinkimai/416_lt/Kandidatai/Kandidatas67645/Kandidato67645Anketa.html,5
Saulės,Aušros,Arvydas MOCKUS,http://www.vrk.lt/statiniai/puslapiai/rinkimai/416_lt/Kandidatai/Kandidatas66916/Kandidato66916Anketa.html,234
Saulės,Aušros,Danguolė MARTINKIENĖ,http://www.vrk.lt/statiniai/puslapiai/rinkimai/416_lt/Kandidatai/Kandidatas67923/Kandidato67923Anketa.html,252
Saulės,Aušros,Daiva MATONIENĖ,http://www.vrk.lt/statiniai/puslapiai/rinkimai/416_lt/Kandidatai/Kandidatas66477/Kandidato66477Anketa.html,162
Saulės,Aušros,Tomas PETREIKIS,http://www.vrk.lt/statiniai/puslapiai/rinkimai/416_lt/Kandidatai/Kandidatas67377/Kandidato67377Anketa.html,158
Saulės,Aušros,Irena VASINAUSKAITĖ,http://www.vrk.lt/statiniai/puslapiai/rinkimai/416_lt/Kandidatai/Kandidatas66697/Kandidato66697Anketa.html,131
Saulės,Aušros,Andrius ŠEDŽIUS,http://www.vrk.lt/statiniai/puslapiai/rinkimai/416_lt/Kandidatai/Kandidatas67545/Kandidato67545Anketa.html,98
Saulės,Aušros,Evaldas LEMENTAUSKAS,http://www.vrk.lt/statiniai/puslapiai/rinkimai/416_lt/Kandidatai/Kandidatas67547/Kandidato67547Anketa.html,71
Saulės,Aušros,Laimontas DINIUS,http://www.vrk.lt/statiniai/puslapiai/rinkimai/416_lt/Kandidatai/Kandidatas67110/Kandidato67110Anketa.html,87
Saulės,Aušros,Valdas VAITIŠKIS,http://www.vrk.lt/statiniai/puslapiai/rinkimai/416_lt/Kandidatai/Kandidatas68753/Kandidato68753Anketa.html,36
Saulės,Aušros,Arvydas AKSTINAVIČIUS,http://www.vrk.lt/statiniai/puslapiai/rinkimai/416_lt/Kandidatai/Kandidatas68358/Kandidato68358Anketa.html,60
Saulės,Aušros,Mindaugas STAKVILEVIČIUS,http://www.vrk.lt/statiniai/puslapiai/rinkimai/416_lt/Kandidatai/Kandidatas69095/Kandidato69095Anketa.html,42
Saulės,Aušros,Deividas STAPONKUS,http://www.vrk.lt/statiniai/puslapiai/rinkimai/416_lt/Kandidatai/Kandidatas69778/Kandidato69778Anketa.html,29
Saulės,Aušros,Arkadijus KISELIOVAS,http://www.vrk.lt/statiniai/puslapiai/rinkimai/416_lt/Kandidatai/Kandidatas69928/Kandidato69928Anketa.html,18
Saulės,Aušros,Edmundas BERNOTAS,http://www.vrk.lt/statiniai/puslapiai/rinkimai/416_lt/Kandidatai/Kandidatas68204/Kandidato68204Anketa.html,16
Saulės,Aušros,Audrius ONAITIS,http://www.vrk.lt/statiniai/puslapiai/rinkimai/416_lt/Kandidatai/Kandidatas68460/Kandidato68460Anketa.html,5
Saulės,Aušros,Artūras POVILAITIS,http://www.vrk.lt/statiniai/puslapiai/rinkimai/416_lt/Kandidatai/Kandidatas67649/Kandidato67649Anketa.html,0
Dainų,Saulės,Valerijus SIMULIK,http://www.vrk.lt/statiniai/puslapiai/rinkimai/416_lt/Kandidatai/Kandidatas66848/Kandidato66848Anketa.html,652
Dainų,Saulės,Valentinas MAZURONIS,http://www.vrk.lt/statiniai/puslapiai/rinkimai/416_lt/Kandidatai/Kandidatas66454/Kandidato66454Anketa.html,281
Dainų,Saulės,Marijus VELIČKA,http://www.vrk.lt/statiniai/puslapiai/rinkimai/416_lt/Kandidatai/Kandidatas67960/Kandidato67960Anketa.html,184
Dainų,Saulės,Aurimas RADKEVIČIUS,http://www.vrk.lt/statiniai/puslapiai/rinkimai/416_lt/Kandidatai/Kandidatas66695/Kandidato66695Anketa.html,195
Dainų,Saulės,Gintautas LUKOŠAITIS,http://www.vrk.lt/statiniai/puslapiai/rinkimai/416_lt/Kandidatai/Kandidatas67380/Kandidato67380Anketa.html,199
Dainų,Saulės,Viktorija ČMILYTĖ,http://www.vrk.lt/statiniai/puslapiai/rinkimai/416_lt/Kandidatai/Kandidatas67074/Kandidato67074Anketa.html,124
Dainų,Saulės,Vytautas SLABYS,http://www.vrk.lt/statiniai/puslapiai/rinkimai/416_lt/Kandidatai/Kandidatas68764/Kandidato68764Anketa.html,63
Dainų,Saulės,Violeta LINKIENĖ,http://www.vrk.lt/statiniai/puslapiai/rinkimai/416_lt/Kandidatai/Kandidatas68359/Kandidato68359Anketa.html,36
Dainų,Saulės,Kęstutis NAVICKAS,http://www.vrk.lt/statiniai/puslapiai/rinkimai/416_lt/Kandidatai/Kandidatas69783/Kandidato69783Anketa.html,34
Dainų,Saulės,Genovaitė Miglė ANDRULIENĖ,http://www.vrk.lt/statiniai/puslapiai/rinkimai/416_lt/Kandidatai/Kandidatas68871/Kandidato68871Anketa.html,24
Dainų,Saulės,Vidmantas ŠIMKUS,http://www.vrk.lt/statiniai/puslapiai/rinkimai/416_lt/Kandidatai/Kandidatas68155/Kandidato68155Anketa.html,12
Dainų,Saulės,Dalia RAMOŠKAITĖ,http://www.vrk.lt/statiniai/puslapiai/rinkimai/416_lt/Kandidatai/Kandidatas69937/Kandidato69937Anketa.html,13
Dainų,Saulės,Vladimir VLASOV,http://www.vrk.lt/statiniai/puslapiai/rinkimai/416_lt/Kandidatai/Kandidatas68445/Kandidato68445Anketa.html,12
Dainų,Saulės,Aidas GRICIUS,http://www.vrk.lt/statiniai/puslapiai/rinkimai/416_lt/Kandidatai/Kandidatas67662/Kandidato67662Anketa.html,2
Gargždų,Šilalės-Šilutės,Petras GRAŽULIS,http://www.vrk.lt/statiniai/puslapiai/rinkimai/416_lt/Kandidatai/Kandidatas66464/Kandidato66464Anketa.html,544
Gargždų,Šilalės-Šilutės,Agnė BILOTAITĖ,http://www.vrk.lt/statiniai/puslapiai/rinkimai/416_lt/Kandidatai/Kandidatas67289/Kandidato67289Anketa.html,447
Gargždų,Šilalės-Šilutės,Andžela ŠAKINIENĖ,http://www.vrk.lt/statiniai/puslapiai/rinkimai/416_lt/Kandidatai/Kandidatas67914/Kandidato67914Anketa.html,93
Gargždų,Šilalės-Šilutės,Antanas VALYS,http://www.vrk.lt/statiniai/puslapiai/rinkimai/416_lt/Kandidatai/Kandidatas66832/Kandidato66832Anketa.html,73
Gargždų,Šilalės-Šilutės,Egidijus SKARBALIUS,http://www.vrk.lt/statiniai/puslapiai/rinkimai/416_lt/Kandidatai/Kandidatas66716/Kandidato66716Anketa.html,36
Gargždų,Šilalės-Šilutės,Diana STANKAITIENĖ,http://www.vrk.lt/statiniai/puslapiai/rinkimai/416_lt/Kandidatai/Kandidatas67104/Kandidato67104Anketa.html,35
Gargždų,Šilalės-Šilutės,Aivaras VASYLIUS,http://www.vrk.lt/statiniai/puslapiai/rinkimai/416_lt/Kandidatai/Kandidatas69802/Kandidato69802Anketa.html,21
Gargždų,Šilalės-Šilutės,Nijolė KATKIENĖ,http://www.vrk.lt/statiniai/puslapiai/rinkimai/416_lt/Kandidatai/Kandidatas67548/Kandidato67548Anketa.html,11
Gargždų,Šilalės-Šilutės,Renatas BERNIKAS,http://www.vrk.lt/statiniai/puslapiai/rinkimai/416_lt/Kandidatai/Kandidatas68766/Kandidato68766Anketa.html,22
Gargždų,Šilalės-Šilutės,Antanas JASAS,http://www.vrk.lt/statiniai/puslapiai/rinkimai/416_lt/Kandidatai/Kandidatas68847/Kandidato68847Anketa.html,18
Gargždų,Šilalės-Šilutės,Mindaugas KRENCIUS,http://www.vrk.lt/statiniai/puslapiai/rinkimai/416_lt/Kandidatai/Kandidatas68034/Kandidato68034Anketa.html,4
Gargždų,Šilalės-Šilutės,Loreta RUPEIKIENĖ,http://www.vrk.lt/statiniai/puslapiai/rinkimai/416_lt/Kandidatai/Kandidatas68177/Kandidato68177Anketa.html,0
Gargždų,Šilalės-Šilutės,Edgaras ŽUKAUSKAS,http://www.vrk.lt/statiniai/puslapiai/rinkimai/416_lt/Kandidatai/Kandidatas69975/Kandidato69975Anketa.html,1
Tauragės,Jurbarko,Darius PETROŠIUS,http://www.vrk.lt/statiniai/puslapiai/rinkimai/416_lt/Kandidatai/Kandidatas66875/Kandidato66875Anketa.html,181
Tauragės,Jurbarko,Stasys ŠEDBARAS,http://www.vrk.lt/statiniai/puslapiai/rinkimai/416_lt/Kandidatai/Kandidatas67305/Kandidato67305Anketa.html,73
Tauragės,Jurbarko,Vaidotas GLOBYS,http://www.vrk.lt/statiniai/puslapiai/rinkimai/416_lt/Kandidatai/Kandidatas67954/Kandidato67954Anketa.html,52
Tauragės,Jurbarko,Žilvinas MACIJAUSKAS,http://www.vrk.lt/statiniai/puslapiai/rinkimai/416_lt/Kandidatai/Kandidatas66726/Kandidato66726Anketa.html,14
Tauragės,Jurbarko,Linas STANKUS,http://www.vrk.lt/statiniai/puslapiai/rinkimai/416_lt/Kandidatai/Kandidatas67120/Kandidato67120Anketa.html,16
Tauragės,Jurbarko,Aušrinė NORKIENĖ,http://www.vrk.lt/statiniai/puslapiai/rinkimai/416_lt/Kandidatai/Kandidatas68736/Kandidato68736Anketa.html,17
Tauragės,Jurbarko,Egidijus KLUMBYS,http://www.vrk.lt/statiniai/puslapiai/rinkimai/416_lt/Kandidatai/Kandidatas66474/Kandidato66474Anketa.html,21
Tauragės,Jurbarko,Linas JANUŠONIS,http://www.vrk.lt/statiniai/puslapiai/rinkimai/416_lt/Kandidatai/Kandidatas69780/Kandidato69780Anketa.html,22
Tauragės,Jurbarko,Saulius OŽELIS,http://www.vrk.lt/statiniai/puslapiai/rinkimai/416_lt/Kandidatai/Kandidatas69849/Kandidato69849Anketa.html,11
Tauragės,Jurbarko,Edis BUDGINAS,http://www.vrk.lt/statiniai/puslapiai/rinkimai/416_lt/Kandidatai/Kandidatas67652/Kandidato67652Anketa.html,2
Tauragės,Jurbarko,Juozas JANKEVIČIUS,http://www.vrk.lt/statiniai/puslapiai/rinkimai/416_lt/Kandidatai/Kandidatas68186/Kandidato68186Anketa.html,3
Tauragės,Jurbarko,Edas MATULIS,http://www.vrk.lt/statiniai/puslapiai/rinkimai/416_lt/Kandidatai/Kandidatas69946/Kandidato69946Anketa.html,1
Telšių,Kelmės,Valentinas BUKAUSKAS,http://www.vrk.lt/statiniai/puslapiai/rinkimai/416_lt/Kandidatai/Kandidatas67886/Kandidato67886Anketa.html,345
Telšių,Kelmės,Vytautas KLEIVA,http://www.vrk.lt/statiniai/puslapiai/rinkimai/416_lt/Kandidatai/Kandidatas66883/Kandidato66883Anketa.html,125
Telšių,Kelmės,Irena SKERNEVIČIŪTĖ,http://www.vrk.lt/statiniai/puslapiai/rinkimai/416_lt/Kandidatai/Kandidatas66479/Kandidato66479Anketa.html,101
Telšių,Kelmės,Gediminas VAGNORIUS,http://www.vrk.lt/statiniai/puslapiai/rinkimai/416_lt/Kandidatai/Kandidatas68831/Kandidato68831Anketa.html,94
Telšių,Kelmės,Vilma SAVICKIENĖ,http://www.vrk.lt/statiniai/puslapiai/rinkimai/416_lt/Kandidatai/Kandidatas67355/Kandidato67355Anketa.html,78
Telšių,Kelmės,Vytautas RAKICKAS,http://www.vrk.lt/statiniai/puslapiai/rinkimai/416_lt/Kandidatai/Kandidatas68685/Kandidato68685Anketa.html,67
Telšių,Kelmės,Alvydas JOKŠAS,http://www.vrk.lt/statiniai/puslapiai/rinkimai/416_lt/Kandidatai/Kandidatas70041/Kandidato70041Anketa.html,19
Telšių,Kelmės,Tatjana ŽGUNOVA,http://www.vrk.lt/statiniai/puslapiai/rinkimai/416_lt/Kandidatai/Kandidatas66730/Kandidato66730Anketa.html,29
Telšių,Kelmės,Paulius RUMBUTIS,http://www.vrk.lt/statiniai/puslapiai/rinkimai/416_lt/Kandidatai/Kandidatas67202/Kandidato67202Anketa.html,8
Telšių,Kelmės,Deivydas RUBEŽIUS,http://www.vrk.lt/statiniai/puslapiai/rinkimai/416_lt/Kandidatai/Kandidatas69771/Kandidato69771Anketa.html,6
Telšių,Kelmės,Leonas Kęstutis DUNAUSKAS,http://www.vrk.lt/statiniai/puslapiai/rinkimai/416_lt/Kandidatai/Kandidatas68233/Kandidato68233Anketa.html,4
Telšių,Kelmės,Vaclovas RINGYS,http://www.vrk.lt/statiniai/puslapiai/rinkimai/416_lt/Kandidatai/Kandidatas67461/Kandidato67461Anketa.html,6
Telšių,Kelmės,Gintaras SABECKIS,http://www.vrk.lt/statiniai/puslapiai/rinkimai/416_lt/Kandidatai/Kandidatas69932/Kandidato69932Anketa.html,1
Šiaulių kaimiškoji,Dainų,Rima BAŠKIENĖ,http://www.vrk.lt/statiniai/puslapiai/rinkimai/416_lt/Kandidatai/Kandidatas68643/Kandidato68643Anketa.html,317
Šiaulių kaimiškoji,Dainų,Linas ANDRULIS,http://www.vrk.lt/statiniai/puslapiai/rinkimai/416_lt/Kandidatai/Kandidatas66912/Kandidato66912Anketa.html,225
Šiaulių kaimiškoji,Dainų,Ingrida VENCIUVIENĖ,http://www.vrk.lt/statiniai/puslapiai/rinkimai/416_lt/Kandidatai/Kandidatas67918/Kandidato67918Anketa.html,245
Šiaulių kaimiškoji,Dainų,Arūnas JUŠKA,http://www.vrk.lt/statiniai/puslapiai/rinkimai/416_lt/Kandidatai/Kandidatas66690/Kandidato66690Anketa.html,130
Šiaulių kaimiškoji,Dainų,Ernestas JUŠKA,http://www.vrk.lt/statiniai/puslapiai/rinkimai/416_lt/Kandidatai/Kandidatas67372/Kandidato67372Anketa.html,111
Šiaulių kaimiškoji,Dainų,Vidmantas JAPERTAS,http://www.vrk.lt/statiniai/puslapiai/rinkimai/416_lt/Kandidatai/Kandidatas66505/Kandidato66505Anketa.html,71
Šiaulių kaimiškoji,Dainų,Algis MAČIULIS,http://www.vrk.lt/statiniai/puslapiai/rinkimai/416_lt/Kandidatai/Kandidatas67181/Kandidato67181Anketa.html,68
Šiaulių kaimiškoji,Dainų,Rimvydas TAMULAITIS,http://www.vrk.lt/statiniai/puslapiai/rinkimai/416_lt/Kandidatai/Kandidatas69801/Kandidato69801Anketa.html,21
Šiaulių kaimiškoji,Dainų,Sonata BRUŽAITĖ,http://www.vrk.lt/statiniai/puslapiai/rinkimai/416_lt/Kandidatai/Kandidatas68855/Kandidato68855Anketa.html,12
Šiaulių kaimiškoji,Dainų,Reimundas VARAPICKAS,http://www.vrk.lt/statiniai/puslapiai/rinkimai/416_lt/Kandidatai/Kandidatas68310/Kandidato68310Anketa.html,6
Šiaulių kaimiškoji,Dainų,Renata MACIENĖ,http://www.vrk.lt/statiniai/puslapiai/rinkimai/416_lt/Kandidatai/Kandidatas69958/Kandidato69958Anketa.html,4
Šiaulių kaimiškoji,Dainų,Audrius GOŠTAUTAS,http://www.vrk.lt/statiniai/puslapiai/rinkimai/416_lt/Kandidatai/Kandidatas68185/Kandidato68185Anketa.html,1
Šiaulių kaimiškoji,Dainų,Zita KLIKNIENĖ,http://www.vrk.lt/statiniai/puslapiai/rinkimai/416_lt/Kandidatai/Kandidatas67692/Kandidato67692Anketa.html,2
Pakruojo-Joniškio,Akmenės-Joniškio,Vitalijus GAILIUS,http://www.vrk.lt/statiniai/puslapiai/rinkimai/416_lt/Kandidatai/Kandidatas67075/Kandidato67075Anketa.html,339
Pakruojo-Joniškio,Akmenės-Joniškio,Stasys TUMĖNAS,http://www.vrk.lt/statiniai/puslapiai/rinkimai/416_lt/Kandidatai/Kandidatas67533/Kandidato67533Anketa.html,29
Pakruojo-Joniškio,Akmenės-Joniškio,Vigilijus JUKNA,http://www.vrk.lt/statiniai/puslapiai/rinkimai/416_lt/Kandidatai/Kandidatas67909/Kandidato67909Anketa.html,121
Pakruojo-Joniškio,Akmenės-Joniškio,Vygantas SUDARIS,http://www.vrk.lt/statiniai/puslapiai/rinkimai/416_lt/Kandidatai/Kandidatas66926/Kandidato66926Anketa.html,59
Pakruojo-Joniškio,Akmenės-Joniškio,Jonas JURGELIŪNAS,http://www.vrk.lt/statiniai/puslapiai/rinkimai/416_lt/Kandidatai/Kandidatas67373/Kandidato67373Anketa.html,45
Pakruojo-Joniškio,Akmenės-Joniškio,Edita RUDIENĖ,http://www.vrk.lt/statiniai/puslapiai/rinkimai/416_lt/Kandidatai/Kandidatas66500/Kandidato66500Anketa.html,63
Pakruojo-Joniškio,Akmenės-Joniškio,Saulius GEGIECKAS,http://www.vrk.lt/statiniai/puslapiai/rinkimai/416_lt/Kandidatai/Kandidatas68137/Kandidato68137Anketa.html,9
Pakruojo-Joniškio,Akmenės-Joniškio,Gediminas GRYBĖ,http://www.vrk.lt/statiniai/puslapiai/rinkimai/416_lt/Kandidatai/Kandidatas68735/Kandidato68735Anketa.html,32
Pakruojo-Joniškio,Akmenės-Joniškio,Egidijus BALTUŠIS,http://www.vrk.lt/statiniai/puslapiai/rinkimai/416_lt/Kandidatai/Kandidatas66721/Kandidato66721Anketa.html,16
Pakruojo-Joniškio,Akmenės-Joniškio,Kęstutis MALINAUSKAS,http://www.vrk.lt/statiniai/puslapiai/rinkimai/416_lt/Kandidatai/Kandidatas68856/Kandidato68856Anketa.html,9
Pakruojo-Joniškio,Akmenės-Joniškio,Voldemaras BANDŽIUKAS,http://www.vrk.lt/statiniai/puslapiai/rinkimai/416_lt/Kandidatai/Kandidatas69761/Kandidato69761Anketa.html,15
Molėtų-Švenčionių,Ignalinos-Švenčionių,Petras ČIMBARAS,http://www.vrk.lt/statiniai/puslapiai/rinkimai/416_lt/Kandidatai/Kandidatas67922/Kandidato67922Anketa.html,466
Molėtų-Švenčionių,Ignalinos-Švenčionių,Valentinas STUNDYS,http://www.vrk.lt/statiniai/puslapiai/rinkimai/416_lt/Kandidatai/Kandidatas67299/Kandidato67299Anketa.html,329
Molėtų-Švenčionių,Ignalinos-Švenčionių,Stasys BAJERČIUS,http://www.vrk.lt/statiniai/puslapiai/rinkimai/416_lt/Kandidatai/Kandidatas66927/Kandidato66927Anketa.html,232
Molėtų-Švenčionių,Ignalinos-Švenčionių,Zbignev JEDINSKIJ,http://www.vrk.lt/statiniai/puslapiai/rinkimai/416_lt/Kandidatai/Kandidatas68434/Kandidato68434Anketa.html,264
Molėtų-Švenčionių,Ignalinos-Švenčionių,Rimantas KLIPČIUS,http://www.vrk.lt/statiniai/puslapiai/rinkimai/416_lt/Kandidatai/Kandidatas69765/Kandidato69765Anketa.html,705
Molėtų-Švenčionių,Ignalinos-Švenčionių,Irena MALINAUSKIENĖ,http://www.vrk.lt/statiniai/puslapiai/rinkimai/416_lt/Kandidatai/Kandidatas66678/Kandidato66678Anketa.html,107
Molėtų-Švenčionių,Ignalinos-Švenčionių,Rasa LUCINAVIČIENĖ,http://www.vrk.lt/statiniai/puslapiai/rinkimai/416_lt/Kandidatai/Kandidatas66521/Kandidato66521Anketa.html,147
Molėtų-Švenčionių,Ignalinos-Švenčionių,Danielius VALIAUGA,http://www.vrk.lt/statiniai/puslapiai/rinkimai/416_lt/Kandidatai/Kandidatas67195/Kandidato67195Anketa.html,37
Molėtų-Švenčionių,Ignalinos-Švenčionių,Laima ŠALKAUSKIENĖ,http://www.vrk.lt/statiniai/puslapiai/rinkimai/416_lt/Kandidatai/Kandidatas68665/Kandidato68665Anketa.html,82
Molėtų-Švenčionių,Ignalinos-Švenčionių,Zita UŽLYTĖ,http://www.vrk.lt/statiniai/puslapiai/rinkimai/416_lt/Kandidatai/Kandidatas68141/Kandidato68141Anketa.html,98
Molėtų-Švenčionių,Ignalinos-Švenčionių,Jonas VAIŠKŪNAS,http://www.vrk.lt/statiniai/puslapiai/rinkimai/416_lt/Kandidatai/Kandidatas68304/Kandidato68304Anketa.html,33
Molėtų-Švenčionių,Ignalinos-Švenčionių,Dalia Kotryna ŽALĖNAITĖ,http://www.vrk.lt/statiniai/puslapiai/rinkimai/416_lt/Kandidatai/Kandidatas68850/Kandidato68850Anketa.html,24
Molėtų-Švenčionių,Ignalinos-Švenčionių,Tadeuš POLITO,http://www.vrk.lt/statiniai/puslapiai/rinkimai/416_lt/Kandidatai/Kandidatas69939/Kandidato69939Anketa.html,16
Molėtų-Švenčionių,Ignalinos-Švenčionių,Paulius ZABIELSKAS,http://www.vrk.lt/statiniai/puslapiai/rinkimai/416_lt/Kandidatai/Kandidatas67655/Kandidato67655Anketa.html,3
Širvintų-Vilniaus,Vilniaus-Šalčininkų,Rita TAMAŠUNIENĖ,http://www.vrk.lt/statiniai/puslapiai/rinkimai/416_lt/Kandidatai/Kandidatas68419/Kandidato68419Anketa.html,710
Širvintų-Vilniaus,Vilniaus-Šalčininkų,Živilė PINSKUVIENĖ,http://www.vrk.lt/statiniai/puslapiai/rinkimai/416_lt/Kandidatai/Kandidatas67893/Kandidato67893Anketa.html,89
Širvintų-Vilniaus,Vilniaus-Šalčininkų,Violeta PODOLSKAITĖ,http://www.vrk.lt/statiniai/puslapiai/rinkimai/416_lt/Kandidatai/Kandidatas67351/Kandidato67351Anketa.html,60
Širvintų-Vilniaus,Vilniaus-Šalčininkų,Jonas BUDREVIČIUS,http://www.vrk.lt/statiniai/puslapiai/rinkimai/416_lt/Kandidatai/Kandidatas66846/Kandidato66846Anketa.html,53
Širvintų-Vilniaus,Vilniaus-Šalčininkų,Arūnas MALIAUKA,http://www.vrk.lt/statiniai/puslapiai/rinkimai/416_lt/Kandidatai/Kandidatas67200/Kandidato67200Anketa.html,28
Širvintų-Vilniaus,Vilniaus-Šalčininkų,Kęstutis PAKALNIS,http://www.vrk.lt/statiniai/puslapiai/rinkimai/416_lt/Kandidatai/Kandidatas69764/Kandidato69764Anketa.html,33
Širvintų-Vilniaus,Vilniaus-Šalčininkų,Antanas BUROKAS,http://www.vrk.lt/statiniai/puslapiai/rinkimai/416_lt/Kandidatai/Kandidatas66738/Kandidato66738Anketa.html,26
Širvintų-Vilniaus,Vilniaus-Šalčininkų,Kęstutis JASEVIČIUS,http://www.vrk.lt/statiniai/puslapiai/rinkimai/416_lt/Kandidatai/Kandidatas66514/Kandidato66514Anketa.html,43
Širvintų-Vilniaus,Vilniaus-Šalčininkų,Alfredas ASTIKAS,http://www.vrk.lt/statiniai/puslapiai/rinkimai/416_lt/Kandidatai/Kandidatas68183/Kandidato68183Anketa.html,16
Širvintų-Vilniaus,Vilniaus-Šalčininkų,Česlav JAKOVIČ,http://www.vrk.lt/statiniai/puslapiai/rinkimai/416_lt/Kandidatai/Kandidatas68669/Kandidato68669Anketa.html,14
Širvintų-Vilniaus,Vilniaus-Šalčininkų,Audronė ČEKAUSKIENĖ,http://www.vrk.lt/statiniai/puslapiai/rinkimai/416_lt/Kandidatai/Kandidatas68317/Kandidato68317Anketa.html,7
Širvintų-Vilniaus,Vilniaus-Šalčininkų,Jonas NAUJALIS,http://www.vrk.lt/statiniai/puslapiai/rinkimai/416_lt/Kandidatai/Kandidatas68867/Kandidato68867Anketa.html,7
Širvintų-Vilniaus,Vilniaus-Šalčininkų,Aušrinė MAIŽIEŠIENĖ,http://www.vrk.lt/statiniai/puslapiai/rinkimai/416_lt/Kandidatai/Kandidatas69929/Kandidato69929Anketa.html,4
Širvintų-Vilniaus,Vilniaus-Šalčininkų,Alvydas AUGUSTINAITIS,http://www.vrk.lt/statiniai/puslapiai/rinkimai/416_lt/Kandidatai/Kandidatas67659/Kandidato67659Anketa.html,4
Vilniaus-Trakų,Vilniaus-Šalčininkų,Jaroslav NARKEVIČ,http://www.vrk.lt/statiniai/puslapiai/rinkimai/416_lt/Kandidatai/Kandidatas68421/Kandidato68421Anketa.html,2000
Vilniaus-Trakų,Vilniaus-Šalčininkų,Mingailė BINKAUSKAITĖ,http://www.vrk.lt/statiniai/puslapiai/rinkimai/416_lt/Kandidatai/Kandidatas67965/Kandidato67965Anketa.html,562
Vilniaus-Trakų,Vilniaus-Šalčininkų,Laurynas KASČIŪNAS,http://www.vrk.lt/statiniai/puslapiai/rinkimai/416_lt/Kandidatai/Kandidatas67366/Kandidato67366Anketa.html,181
Vilniaus-Trakų,Vilniaus-Šalčininkų,Vytautas BAKASĖNAS,http://www.vrk.lt/statiniai/puslapiai/rinkimai/416_lt/Kandidatai/Kandidatas66928/Kandidato66928Anketa.html,171
Vilniaus-Trakų,Vilniaus-Šalčininkų,Aleksander POPLAVSKI,http://www.vrk.lt/statiniai/puslapiai/rinkimai/416_lt/Kandidatai/Kandidatas66524/Kandidato66524Anketa.html,245
Vilniaus-Trakų,Vilniaus-Šalčininkų,Jonas KIETAVIČIUS,http://www.vrk.lt/statiniai/puslapiai/rinkimai/416_lt/Kandidatai/Kandidatas69784/Kandidato69784Anketa.html,33
Vilniaus-Trakų,Vilniaus-Šalčininkų,Virgilijus Petras MATULA,http://www.vrk.lt/statiniai/puslapiai/rinkimai/416_lt/Kandidatai/Kandidatas66706/Kandidato66706Anketa.html,76
Vilniaus-Trakų,Vilniaus-Šalčininkų,Ala DEKAN,http://www.vrk.lt/statiniai/puslapiai/rinkimai/416_lt/Kandidatai/Kandidatas67159/Kandidato67159Anketa.html,56
Vilniaus-Trakų,Vilniaus-Šalčininkų,Tomas TOMILINAS,http://www.vrk.lt/statiniai/puslapiai/rinkimai/416_lt/Kandidatai/Kandidatas68651/Kandidato68651Anketa.html,73
Vilniaus-Trakų,Vilniaus-Šalčininkų,Stanislav TARASEVIČ,http://www.vrk.lt/statiniai/puslapiai/rinkimai/416_lt/Kandidatai/Kandidatas68170/Kandidato68170Anketa.html,64
Vilniaus-Trakų,Vilniaus-Šalčininkų,Jonas SADOVSKIS,http://www.vrk.lt/statiniai/puslapiai/rinkimai/416_lt/Kandidatai/Kandidatas67654/Kandidato67654Anketa.html,14
Širvintų-Vilniaus,Molėtų-Švenčionių,Rita TAMAŠUNIENĖ,http://www.vrk.lt/statiniai/puslapiai/rinkimai/416_lt/Kandidatai/Kandidatas68419/Kandidato68419Anketa.html,1615
Širvintų-Vilniaus,Molėtų-Švenčionių,Živilė PINSKUVIENĖ,http://www.vrk.lt/statiniai/puslapiai/rinkimai/416_lt/Kandidatai/Kandidatas67893/Kandidato67893Anketa.html,447
Širvintų-Vilniaus,Molėtų-Švenčionių,Violeta PODOLSKAITĖ,http://www.vrk.lt/statiniai/puslapiai/rinkimai/416_lt/Kandidatai/Kandidatas67351/Kandidato67351Anketa.html,49
Širvintų-Vilniaus,Molėtų-Švenčionių,Jonas BUDREVIČIUS,http://www.vrk.lt/statiniai/puslapiai/rinkimai/416_lt/Kandidatai/Kandidatas66846/Kandidato66846Anketa.html,124
Širvintų-Vilniaus,Molėtų-Švenčionių,Arūnas MALIAUKA,http://www.vrk.lt/statiniai/puslapiai/rinkimai/416_lt/Kandidatai/Kandidatas67200/Kandidato67200Anketa.html,16
Širvintų-Vilniaus,Molėtų-Švenčionių,Kęstutis PAKALNIS,http://www.vrk.lt/statiniai/puslapiai/rinkimai/416_lt/Kandidatai/Kandidatas69764/Kandidato69764Anketa.html,18
Širvintų-Vilniaus,Molėtų-Švenčionių,Antanas BUROKAS,http://www.vrk.lt/statiniai/puslapiai/rinkimai/416_lt/Kandidatai/Kandidatas66738/Kandidato66738Anketa.html,65
Širvintų-Vilniaus,Molėtų-Švenčionių,Kęstutis JASEVIČIUS,http://www.vrk.lt/statiniai/puslapiai/rinkimai/416_lt/Kandidatai/Kandidatas66514/Kandidato66514Anketa.html,125
Širvintų-Vilniaus,Molėtų-Švenčionių,Alfredas ASTIKAS,http://www.vrk.lt/statiniai/puslapiai/rinkimai/416_lt/Kandidatai/Kandidatas68183/Kandidato68183Anketa.html,33
Širvintų-Vilniaus,Molėtų-Švenčionių,Česlav JAKOVIČ,http://www.vrk.lt/statiniai/puslapiai/rinkimai/416_lt/Kandidatai/Kandidatas68669/Kandidato68669Anketa.html,70
Širvintų-Vilniaus,Molėtų-Švenčionių,Audronė ČEKAUSKIENĖ,http://www.vrk.lt/statiniai/puslapiai/rinkimai/416_lt/Kandidatai/Kandidatas68317/Kandidato68317Anketa.html,36
Širvintų-Vilniaus,Molėtų-Švenčionių,Jonas NAUJALIS,http://www.vrk.lt/statiniai/puslapiai/rinkimai/416_lt/Kandidatai/Kandidatas68867/Kandidato68867Anketa.html,9
Širvintų-Vilniaus,Molėtų-Švenčionių,Aušrinė MAIŽIEŠIENĖ,http://www.vrk.lt/statiniai/puslapiai/rinkimai/416_lt/Kandidatai/Kandidatas69929/Kandidato69929Anketa.html,17
Širvintų-Vilniaus,Molėtų-Švenčionių,Alvydas AUGUSTINAITIS,http://www.vrk.lt/statiniai/puslapiai/rinkimai/416_lt/Kandidatai/Kandidatas67659/Kandidato67659Anketa.html,8
Vilniaus-Šalčininkų,Molėtų-Švenčionių,Leonard TALMONT,http://www.vrk.lt/statiniai/puslapiai/rinkimai/416_lt/Kandidatai/Kandidatas68420/Kandidato68420Anketa.html,327
Vilniaus-Šalčininkų,Molėtų-Švenčionių,Vilija FILIPOVIČIENĖ,http://www.vrk.lt/statiniai/puslapiai/rinkimai/416_lt/Kandidatai/Kandidatas67896/Kandidato67896Anketa.html,102
Vilniaus-Šalčininkų,Molėtų-Švenčionių,Franc JAKUBOVSKIJ,http://www.vrk.lt/statiniai/puslapiai/rinkimai/416_lt/Kandidatai/Kandidatas66531/Kandidato66531Anketa.html,20
Vilniaus-Šalčininkų,Molėtų-Švenčionių,Vidmantas ŽILIUS,http://www.vrk.lt/statiniai/puslapiai/rinkimai/416_lt/Kandidatai/Kandidatas67343/Kandidato67343Anketa.html,6
Vilniaus-Šalčininkų,Molėtų-Švenčionių,Darius SKUSEVIČIUS,http://www.vrk.lt/statiniai/puslapiai/rinkimai/416_lt/Kandidatai/Kandidatas66925/Kandidato66925Anketa.html,9
Vilniaus-Šalčininkų,Molėtų-Švenčionių,Eglė MANKEVIČIENĖ,http://www.vrk.lt/statiniai/puslapiai/rinkimai/416_lt/Kandidatai/Kandidatas69808/Kandidato69808Anketa.html,12
Vilniaus-Šalčininkų,Molėtų-Švenčionių,Ryšard MACEIKIANEC,http://www.vrk.lt/statiniai/puslapiai/rinkimai/416_lt/Kandidatai/Kandidatas66724/Kandidato66724Anketa.html,17
Vilniaus-Šalčininkų,Molėtų-Švenčionių,Gintaras KRAUJUTIS,http://www.vrk.lt/statiniai/puslapiai/rinkimai/416_lt/Kandidatai/Kandidatas67190/Kandidato67190Anketa.html,6
Vilniaus-Šalčininkų,Molėtų-Švenčionių,Arūnas JOKUBAUSKAS,http://www.vrk.lt/statiniai/puslapiai/rinkimai/416_lt/Kandidatai/Kandidatas68754/Kandidato68754Anketa.html,2
Vilniaus-Šalčininkų,Molėtų-Švenčionių,Janina ŠIMKUVIENĖ,http://www.vrk.lt/statiniai/puslapiai/rinkimai/416_lt/Kandidatai/Kandidatas68158/Kandidato68158Anketa.html,2
Vilniaus-Šalčininkų,Molėtų-Švenčionių,Viktorija BALLACK,http://www.vrk.lt/statiniai/puslapiai/rinkimai/416_lt/Kandidatai/Kandidatas70013/Kandidato70013Anketa.html,2
Vilniaus-Šalčininkų,Varėnos-Eišiškių,Leonard TALMONT,http://www.vrk.lt/statiniai/puslapiai/rinkimai/416_lt/Kandidatai/Kandidatas68420/Kandidato68420Anketa.html,1529
Vilniaus-Šalčininkų,Varėnos-Eišiškių,Vilija FILIPOVIČIENĖ,http://www.vrk.lt/statiniai/puslapiai/rinkimai/416_lt/Kandidatai/Kandidatas67896/Kandidato67896Anketa.html,168
Vilniaus-Šalčininkų,Varėnos-Eišiškių,Franc JAKUBOVSKIJ,http://www.vrk.lt/statiniai/puslapiai/rinkimai/416_lt/Kandidatai/Kandidatas66531/Kandidato66531Anketa.html,70
Vilniaus-Šalčininkų,Varėnos-Eišiškių,Vidmantas ŽILIUS,http://www.vrk.lt/statiniai/puslapiai/rinkimai/416_lt/Kandidatai/Kandidatas67343/Kandidato67343Anketa.html,40
Vilniaus-Šalčininkų,Varėnos-Eišiškių,Darius SKUSEVIČIUS,http://www.vrk.lt/statiniai/puslapiai/rinkimai/416_lt/Kandidatai/Kandidatas66925/Kandidato66925Anketa.html,42
Vilniaus-Šalčininkų,Varėnos-Eišiškių,Eglė MANKEVIČIENĖ,http://www.vrk.lt/statiniai/puslapiai/rinkimai/416_lt/Kandidatai/Kandidatas69808/Kandidato69808Anketa.html,35
Vilniaus-Šalčininkų,Varėnos-Eišiškių,Ryšard MACEIKIANEC,http://www.vrk.lt/statiniai/puslapiai/rinkimai/416_lt/Kandidatai/Kandidatas66724/Kandidato66724Anketa.html,23
Vilniaus-Šalčininkų,Varėnos-Eišiškių,Gintaras KRAUJUTIS,http://www.vrk.lt/statiniai/puslapiai/rinkimai/416_lt/Kandidatai/Kandidatas67190/Kandidato67190Anketa.html,21
Vilniaus-Šalčininkų,Varėnos-Eišiškių,Arūnas JOKUBAUSKAS,http://www.vrk.lt/statiniai/puslapiai/rinkimai/416_lt/Kandidatai/Kandidatas68754/Kandidato68754Anketa.html,29
Vilniaus-Šalčininkų,Varėnos-Eišiškių,Janina ŠIMKUVIENĖ,http://www.vrk.lt/statiniai/puslapiai/rinkimai/416_lt/Kandidatai/Kandidatas68158/Kandidato68158Anketa.html,25
Vilniaus-Šalčininkų,Varėnos-Eišiškių,Viktorija BALLACK,http://www.vrk.lt/statiniai/puslapiai/rinkimai/416_lt/Kandidatai/Kandidatas70013/Kandidato70013Anketa.html,12
Vilniaus-Šalčininkų,Širvintų-Vilniaus,Leonard TALMONT,http://www.vrk.lt/statiniai/puslapiai/rinkimai/416_lt/Kandidatai/Kandidatas68420/Kandidato68420Anketa.html,1199
Vilniaus-Šalčininkų,Širvintų-Vilniaus,Vilija FILIPOVIČIENĖ,http://www.vrk.lt/statiniai/puslapiai/rinkimai/416_lt/Kandidatai/Kandidatas67896/Kandidato67896Anketa.html,317
Vilniaus-Šalčininkų,Širvintų-Vilniaus,Franc JAKUBOVSKIJ,http://www.vrk.lt/statiniai/puslapiai/rinkimai/416_lt/Kandidatai/Kandidatas66531/Kandidato66531Anketa.html,83
Vilniaus-Šalčininkų,Širvintų-Vilniaus,Vidmantas ŽILIUS,http://www.vrk.lt/statiniai/puslapiai/rinkimai/416_lt/Kandidatai/Kandidatas67343/Kandidato67343Anketa.html,146
Vilniaus-Šalčininkų,Širvintų-Vilniaus,Darius SKUSEVIČIUS,http://www.vrk.lt/statiniai/puslapiai/rinkimai/416_lt/Kandidatai/Kandidatas66925/Kandidato66925Anketa.html,121
Vilniaus-Šalčininkų,Širvintų-Vilniaus,Eglė MANKEVIČIENĖ,http://www.vrk.lt/statiniai/puslapiai/rinkimai/416_lt/Kandidatai/Kandidatas69808/Kandidato69808Anketa.html,264
Vilniaus-Šalčininkų,Širvintų-Vilniaus,Ryšard MACEIKIANEC,http://www.vrk.lt/statiniai/puslapiai/rinkimai/416_lt/Kandidatai/Kandidatas66724/Kandidato66724Anketa.html,84
Vilniaus-Šalčininkų,Širvintų-Vilniaus,Gintaras KRAUJUTIS,http://www.vrk.lt/statiniai/puslapiai/rinkimai/416_lt/Kandidatai/Kandidatas67190/Kandidato67190Anketa.html,34
Vilniaus-Šalčininkų,Širvintų-Vilniaus,Arūnas JOKUBAUSKAS,http://www.vrk.lt/statiniai/puslapiai/rinkimai/416_lt/Kandidatai/Kandidatas68754/Kandidato68754Anketa.html,39
Vilniaus-Šalčininkų,Širvintų-Vilniaus,Janina ŠIMKUVIENĖ,http://www.vrk.lt/statiniai/puslapiai/rinkimai/416_lt/Kandidatai/Kandidatas68158/Kandidato68158Anketa.html,29
Vilniaus-Šalčininkų,Širvintų-Vilniaus,Viktorija BALLACK,http://www.vrk.lt/statiniai/puslapiai/rinkimai/416_lt/Kandidatai/Kandidatas70013/Kandidato70013Anketa.html,13
Vilniaus-Trakų,Trakų-Elektrėnų,Jaroslav NARKEVIČ,http://www.vrk.lt/statiniai/puslapiai/rinkimai/416_lt/Kandidatai/Kandidatas68421/Kandidato68421Anketa.html,797
Vilniaus-Trakų,Trakų-Elektrėnų,Mingailė BINKAUSKAITĖ,http://www.vrk.lt/statiniai/puslapiai/rinkimai/416_lt/Kandidatai/Kandidatas67965/Kandidato67965Anketa.html,1347
Vilniaus-Trakų,Trakų-Elektrėnų,Laurynas KASČIŪNAS,http://www.vrk.lt/statiniai/puslapiai/rinkimai/416_lt/Kandidatai/Kandidatas67366/Kandidato67366Anketa.html,445
Vilniaus-Trakų,Trakų-Elektrėnų,Vytautas BAKASĖNAS,http://www.vrk.lt/statiniai/puslapiai/rinkimai/416_lt/Kandidatai/Kandidatas66928/Kandidato66928Anketa.html,406
Vilniaus-Trakų,Trakų-Elektrėnų,Aleksander POPLAVSKI,http://www.vrk.lt/statiniai/puslapiai/rinkimai/416_lt/Kandidatai/Kandidatas66524/Kandidato66524Anketa.html,289
Vilniaus-Trakų,Trakų-Elektrėnų,Jonas KIETAVIČIUS,http://www.vrk.lt/statiniai/puslapiai/rinkimai/416_lt/Kandidatai/Kandidatas69784/Kandidato69784Anketa.html,1092
Vilniaus-Trakų,Trakų-Elektrėnų,Virgilijus Petras MATULA,http://www.vrk.lt/statiniai/puslapiai/rinkimai/416_lt/Kandidatai/Kandidatas66706/Kandidato66706Anketa.html,187
Vilniaus-Trakų,Trakų-Elektrėnų,Ala DEKAN,http://www.vrk.lt/statiniai/puslapiai/rinkimai/416_lt/Kandidatai/Kandidatas67159/Kandidato67159Anketa.html,112
Vilniaus-Trakų,Trakų-Elektrėnų,Tomas TOMILINAS,http://www.vrk.lt/statiniai/puslapiai/rinkimai/416_lt/Kandidatai/Kandidatas68651/Kandidato68651Anketa.html,127
Vilniaus-Trakų,Trakų-Elektrėnų,Stanislav TARASEVIČ,http://www.vrk.lt/statiniai/puslapiai/rinkimai/416_lt/Kandidatai/Kandidatas68170/Kandidato68170Anketa.html,45
Vilniaus-Trakų,Trakų-Elektrėnų,Jonas SADOVSKIS,http://www.vrk.lt/statiniai/puslapiai/rinkimai/416_lt/Kandidatai/Kandidatas67654/Kandidato67654Anketa.html,144
Trakų-Elektrėnų,Kaišiadorių-Elektrėnų,Dangutė MIKUTIENĖ,http://www.vrk.lt/statiniai/puslapiai/rinkimai/416_lt/Kandidatai/Kandidatas67888/Kandidato67888Anketa.html,382
Trakų-Elektrėnų,Kaišiadorių-Elektrėnų,Jonas LIESYS,http://www.vrk.lt/statiniai/puslapiai/rinkimai/416_lt/Kandidatai/Kandidatas69737/Kandidato69737Anketa.html,123
Trakų-Elektrėnų,Kaišiadorių-Elektrėnų,Jaroslav KAMINSKI,http://www.vrk.lt/statiniai/puslapiai/rinkimai/416_lt/Kandidatai/Kandidatas68443/Kandidato68443Anketa.html,19
Trakų-Elektrėnų,Kaišiadorių-Elektrėnų,Asta KANDRATAVIČIENĖ,http://www.vrk.lt/statiniai/puslapiai/rinkimai/416_lt/Kandidatai/Kandidatas66867/Kandidato66867Anketa.html,169
Trakų-Elektrėnų,Kaišiadorių-Elektrėnų,Vidas URBONAVIČIUS,http://www.vrk.lt/statiniai/puslapiai/rinkimai/416_lt/Kandidatai/Kandidatas67325/Kandidato67325Anketa.html,87
Trakų-Elektrėnų,Kaišiadorių-Elektrėnų,Danas DAMBRAUSKAS,http://www.vrk.lt/statiniai/puslapiai/rinkimai/416_lt/Kandidatai/Kandidatas66515/Kandidato66515Anketa.html,76
Trakų-Elektrėnų,Kaišiadorių-Elektrėnų,Eglė MIRONČIKIENĖ,http://www.vrk.lt/statiniai/puslapiai/rinkimai/416_lt/Kandidatai/Kandidatas66694/Kandidato66694Anketa.html,62
Trakų-Elektrėnų,Kaišiadorių-Elektrėnų,Rita BALTADUONYTĖ-LEONIENĖ,http://www.vrk.lt/statiniai/puslapiai/rinkimai/416_lt/Kandidatai/Kandidatas67131/Kandidato67131Anketa.html,28
Trakų-Elektrėnų,Kaišiadorių-Elektrėnų,Albinas MORKŪNAS,http://www.vrk.lt/statiniai/puslapiai/rinkimai/416_lt/Kandidatai/Kandidatas68641/Kandidato68641Anketa.html,53
Trakų-Elektrėnų,Kaišiadorių-Elektrėnų,Zofija ABECIŪNIENĖ,http://www.vrk.lt/statiniai/puslapiai/rinkimai/416_lt/Kandidatai/Kandidatas68162/Kandidato68162Anketa.html,13
Trakų-Elektrėnų,Kaišiadorių-Elektrėnų,Ilona OGURCOVA,http://www.vrk.lt/statiniai/puslapiai/rinkimai/416_lt/Kandidatai/Kandidatas68864/Kandidato68864Anketa.html,29
Trakų-Elektrėnų,Kaišiadorių-Elektrėnų,Edikas JAGELAVIČIUS,http://www.vrk.lt/statiniai/puslapiai/rinkimai/416_lt/Kandidatai/Kandidatas69103/Kandidato69103Anketa.html,9
Trakų-Elektrėnų,Kaišiadorių-Elektrėnų,Giedrė GEČAITĖ,http://www.vrk.lt/statiniai/puslapiai/rinkimai/416_lt/Kandidatai/Kandidatas69941/Kandidato69941Anketa.html,23
Trakų-Elektrėnų,Kaišiadorių-Elektrėnų,Rimas URBUS,http://www.vrk.lt/statiniai/puslapiai/rinkimai/416_lt/Kandidatai/Kandidatas67447/Kandidato67447Anketa.html,16
Trakų-Elektrėnų,Kaišiadorių-Elektrėnų,Kazys Vytautas LAURUŠEVIČIUS,http://www.vrk.lt/statiniai/puslapiai/rinkimai/416_lt/Kandidatai/Kandidatas67683/Kandidato67683Anketa.html,10
Šakių,Vilkaviškio,Mindaugas BASTYS,http://www.vrk.lt/statiniai/puslapiai/rinkimai/416_lt/Kandidatai/Kandidatas66839/Kandidato66839Anketa.html,304
Šakių,Vilkaviškio,Algirdas KLIMAITIS,http://www.vrk.lt/statiniai/puslapiai/rinkimai/416_lt/Kandidatai/Kandidatas67369/Kandidato67369Anketa.html,91
Šakių,Vilkaviškio,Rima RAUKTIENĖ,http://www.vrk.lt/statiniai/puslapiai/rinkimai/416_lt/Kandidatai/Kandidatas68663/Kandidato68663Anketa.html,43
Šakių,Vilkaviškio,Gintautas KNIUKŠTA,http://www.vrk.lt/statiniai/puslapiai/rinkimai/416_lt/Kandidatai/Kandidatas67915/Kandidato67915Anketa.html,96
Šakių,Vilkaviškio,Kęstutis SMIRNOVAS,http://www.vrk.lt/statiniai/puslapiai/rinkimai/416_lt/Kandidatai/Kandidatas69749/Kandidato69749Anketa.html,45
Šakių,Vilkaviškio,Donatas STAKIŠAITIS,http://www.vrk.lt/statiniai/puslapiai/rinkimai/416_lt/Kandidatai/Kandidatas66683/Kandidato66683Anketa.html,38
Šakių,Vilkaviškio,Ona VALIUKEVIČIŪTĖ,http://www.vrk.lt/statiniai/puslapiai/rinkimai/416_lt/Kandidatai/Kandidatas66459/Kandidato66459Anketa.html,89
Šakių,Vilkaviškio,Vytas LIUDŽIUS,http://www.vrk.lt/statiniai/puslapiai/rinkimai/416_lt/Kandidatai/Kandidatas67169/Kandidato67169Anketa.html,9
Šakių,Vilkaviškio,Edgaras STANIŠAUSKAS,http://www.vrk.lt/statiniai/puslapiai/rinkimai/416_lt/Kandidatai/Kandidatas68138/Kandidato68138Anketa.html,14
Šakių,Vilkaviškio,Audra UŽUPIENĖ,http://www.vrk.lt/statiniai/puslapiai/rinkimai/416_lt/Kandidatai/Kandidatas69970/Kandidato69970Anketa.html,8
Šakių,Vilkaviškio,Laimutė DĖDINIENĖ,http://www.vrk.lt/statiniai/puslapiai/rinkimai/416_lt/Kandidatai/Kandidatas68312/Kandidato68312Anketa.html,7
Kauno kaimiškoji,Šakių,Donatas JANKAUSKAS,http://www.vrk.lt/statiniai/puslapiai/rinkimai/416_lt/Kandidatai/Kandidatas67308/Kandidato67308Anketa.html,374
Kauno kaimiškoji,Šakių,Audronė SKUČIENĖ,http://www.vrk.lt/statiniai/puslapiai/rinkimai/416_lt/Kandidatai/Kandidatas66669/Kandidato66669Anketa.html,245
Kauno kaimiškoji,Šakių,Antanas NESTECKIS,http://www.vrk.lt/statiniai/puslapiai/rinkimai/416_lt/Kandidatai/Kandidatas66862/Kandidato66862Anketa.html,429
Kauno kaimiškoji,Šakių,Antanas MAKAREVIČIUS,http://www.vrk.lt/statiniai/puslapiai/rinkimai/416_lt/Kandidatai/Kandidatas67928/Kandidato67928Anketa.html,321
Kauno kaimiškoji,Šakių,Gintautas KRILAVIČIUS,http://www.vrk.lt/statiniai/puslapiai/rinkimai/416_lt/Kandidatai/Kandidatas67095/Kandidato67095Anketa.html,56
Kauno kaimiškoji,Šakių,Kazimieras NAUSĖDA,http://www.vrk.lt/statiniai/puslapiai/rinkimai/416_lt/Kandidatai/Kandidatas68666/Kandidato68666Anketa.html,98
Kauno kaimiškoji,Šakių,Algirdas ŽANDARAS,http://www.vrk.lt/statiniai/puslapiai/rinkimai/416_lt/Kandidatai/Kandidatas66494/Kandidato66494Anketa.html,90
Kauno kaimiškoji,Šakių,Arūnas STAŠAITIS,http://www.vrk.lt/statiniai/puslapiai/rinkimai/416_lt/Kandidatai/Kandidatas69779/Kandidato69779Anketa.html,26
Kauno kaimiškoji,Šakių,Eglė URBONIENĖ,http://www.vrk.lt/statiniai/puslapiai/rinkimai/416_lt/Kandidatai/Kandidatas68175/Kandidato68175Anketa.html,31
Kauno kaimiškoji,Šakių,Anželika JURAŠŪNIENĖ,http://www.vrk.lt/statiniai/puslapiai/rinkimai/416_lt/Kandidatai/Kandidatas68860/Kandidato68860Anketa.html,48
Kauno kaimiškoji,Šakių,Valentinas GYLYS,http://www.vrk.lt/statiniai/puslapiai/rinkimai/416_lt/Kandidatai/Kandidatas68307/Kandidato68307Anketa.html,24
Kauno kaimiškoji,Šakių,Darius KRUKONIS,http://www.vrk.lt/statiniai/puslapiai/rinkimai/416_lt/Kandidatai/Kandidatas69940/Kandidato69940Anketa.html,18
Kauno kaimiškoji,Šakių,Dainora GRUZDIENĖ,http://www.vrk.lt/statiniai/puslapiai/rinkimai/416_lt/Kandidatai/Kandidatas67658/Kandidato67658Anketa.html,11
